"Id","Latitude","Longitude","UTC","DeviceName","DeviceId","Message","recordingEffort","knots","DriftName","DeploymentSite","bearing","distance","seadepth"
7208979700,36.55029,-124.5487,2024-10-26 15:22:42,"SO-588","321245",NA,TRUE,NA,"CalCurCEAS_020","MBY",228.293395647397,251.852301048486,3964
7209116864,36.54878,-124.5508,2024-10-26 15:59:53,"SO-588","321245",NA,TRUE,0.219002000911727,"CalCurCEAS_020","MBY",227.092239538638,322.72218927211,3964
7209250827,36.5468,-124.55344,2024-10-26 16:37:40,"SO-588","321245",NA,TRUE,0.276171613228008,"CalCurCEAS_020","MBY",244.152356219976,437.768038251085,3964
7209391939,36.54508,-124.55784,2024-10-26 17:20:42,"SO-588","321245",NA,TRUE,0.328919440049227,"CalCurCEAS_020","MBY",256.766970311917,305.381107615036,3964
7209477651,36.54445,-124.56116,2024-10-26 17:48:39,"SO-588","321245",NA,TRUE,0.353273314712684,"CalCurCEAS_020","MBY",255.100607919244,466.061326975454,4018
7209602500,36.54337,-124.56619,2024-10-26 18:31:17,"SO-588","321245",NA,TRUE,0.353463242506795,"CalCurCEAS_020","MBY",266.342437226322,365.177122381897,4018
7209708485,36.54316,-124.57026,2024-10-26 19:11:39,"SO-588","321245",NA,TRUE,0.292503557977242,"CalCurCEAS_020","MBY",277.144316067287,321.259989815457,4018
7209801114,36.54352,-124.57382,2024-10-26 19:49:43,"SO-588","321245",NA,TRUE,0.272874071909801,"CalCurCEAS_020","MBY",269.497254622802,252.5152317862,4018
7209885990,36.5435,-124.57664,2024-10-26 20:25:59,"SO-588","321245",NA,TRUE,0.225128469515271,"CalCurCEAS_020","MBY",267.997317962299,222.197504217726,4070
7209949256,36.54343,-124.57912,2024-10-26 20:57:37,"SO-588","321245",NA,TRUE,0.227114414216222,"CalCurCEAS_020","MBY",281.90075694864,226.023262548043,4070
7210102547,36.54385,-124.58159,2024-10-26 21:27:39,"SO-588","321245",NA,TRUE,0.243332480212654,"CalCurCEAS_020","MBY",261.387314121778,163.011703048755,4070
7210148874,36.54363,-124.58339,2024-10-26 21:57:38,"SO-588","321245",NA,TRUE,0.175788051092042,"CalCurCEAS_020","MBY",274.253217324255,179.57589406839,4070
7210284221,36.54375,-124.58539,2024-10-26 22:30:39,"SO-588","321245",NA,TRUE,0.175859280410235,"CalCurCEAS_020","MBY",300.439199152893,120.471339485383,4070
7210354137,36.5443,-124.58655,2024-10-26 23:13:01,"SO-588","321245",NA,TRUE,0.0919411481517087,"CalCurCEAS_020","MBY",169.673864999324,34.9667682265052,4070
7210389892,36.54399,-124.58648,2024-10-26 23:40:36,"SO-588","321245",NA,TRUE,0.0409882358667191,"CalCurCEAS_020","MBY",180,29.9616606986549,4070
7210448879,36.54372,-124.58648,2024-10-27 00:25:41,"SO-588","321245",NA,TRUE,0.0214882150666878,"CalCurCEAS_020","MBY",211.40943552615,48.1080467136588,4070
7210484321,36.54335,-124.58676,2024-10-27 00:57:37,"SO-588","321245",NA,TRUE,0.0487106527267735,"CalCurCEAS_020","MBY",239.749788441272,193.838037940619,4070
7210529401,36.54247,-124.58863,2024-10-27 01:41:59,"SO-588","321245",NA,TRUE,0.141264385276033,"CalCurCEAS_020","MBY",257.76413985092,219.897638330518,4070
7210569671,36.54205,-124.59103,2024-10-27 02:23:39,"SO-588","321245",NA,TRUE,0.170640567344482,"CalCurCEAS_020","MBY",233.555477561622,162.516707018718,4070
7210597227,36.54118,-124.59249,2024-10-27 02:53:38,"SO-588","321245",NA,TRUE,0.175254258819518,"CalCurCEAS_020","MBY",231.771073451313,147.047683779077,4089
7210634360,36.54036,-124.59378,2024-10-27 03:23:58,"SO-588","321245",NA,TRUE,0.156743135456818,"CalCurCEAS_020","MBY",223.608460438564,203.830660866523,4089
7210686795,36.53903,-124.59535,2024-10-27 04:03:41,"SO-588","321245",NA,TRUE,0.165938515350841,"CalCurCEAS_020","MBY",203.222818436626,247.542175646226,4089
7210725206,36.53698,-124.59644,2024-10-27 04:39:38,"SO-588","321245",NA,TRUE,0.222638767155159,"CalCurCEAS_020","MBY",180,0,4089
7210759033,36.53698,-124.59644,2024-10-27 05:00:00,"SO-588","321245",NA,TRUE,0,"CalCurCEAS_020","MBY",205.808725976463,335.27742855978,4089
7210807976,36.53426,-124.59807,2024-10-27 05:24:39,"SO-588","321245",NA,TRUE,0.439782428266378,"CalCurCEAS_020","MBY",211.534770099288,282.523524926345,4089
7210852413,36.53209,-124.59972,2024-10-27 05:55:40,"SO-588","321245",NA,TRUE,0.29451673205648,"CalCurCEAS_020","MBY",205.587551375588,369.104541966317,4089
7210928116,36.52909,-124.6015,2024-10-27 06:29:00,"SO-588","321245",NA,TRUE,0.358031405707327,"CalCurCEAS_020","MBY",200.245632179101,439.985940248775,4089
7210995791,36.52537,-124.6032,2024-10-27 07:07:40,"SO-588","321245",NA,TRUE,0.367919277621821,"CalCurCEAS_020","MBY",217.630365825233,406.337791212891,4089
7211063358,36.52247,-124.60597,2024-10-27 07:42:41,"SO-588","321245",NA,TRUE,0.375200054713474,"CalCurCEAS_020","MBY",233.593048121115,327.187513498431,4079
7211124664,36.52072,-124.60891,2024-10-27 08:12:39,"SO-588","321245",NA,TRUE,0.353027684197417,"CalCurCEAS_020","MBY",238.224322976475,375.085875360766,4108
7211195858,36.51894,-124.61247,2024-10-27 08:46:38,"SO-588","321245",NA,TRUE,0.356874251201513,"CalCurCEAS_020","MBY",232.035357351711,380.604802432909,4108
7211262741,36.51683,-124.61582,2024-10-27 09:17:39,"SO-588","321245",NA,TRUE,0.396761588780141,"CalCurCEAS_020","MBY",225.397889978547,320.805844063876,4108
7211332737,36.5148,-124.61837,2024-10-27 09:49:00,"SO-588","321245",NA,TRUE,0.330868334653864,"CalCurCEAS_020","MBY",228.79861206753,495.271997060232,4108
7211437667,36.51186,-124.62253,2024-10-27 10:33:40,"SO-588","321245",NA,TRUE,0.358517788916735,"CalCurCEAS_020","MBY",244.943492479561,358.952661937285,4108
7211528640,36.51049,-124.62616,2024-10-27 11:10:38,"SO-588","321245",NA,TRUE,0.313962202055155,"CalCurCEAS_020","MBY",251.149491111514,267.878891726286,4127
7211610134,36.50971,-124.62899,2024-10-27 11:43:39,"SO-588","321245",NA,TRUE,0.262334704668852,"CalCurCEAS_020","MBY",263.633116619749,300.153554087969,4127
7211699922,36.50941,-124.63232,2024-10-27 12:18:59,"SO-588","321245",NA,TRUE,0.274668818363519,"CalCurCEAS_020","MBY",286.213849992147,290.131620411245,4127
7211794016,36.51014,-124.63543,2024-10-27 12:55:40,"SO-588","321245",NA,TRUE,0.255727098408821,"CalCurCEAS_020","MBY",309.552350324674,226.546280281671,4127
7211898846,36.51144,-124.63738,2024-10-27 13:34:41,"SO-588","321245",NA,TRUE,0.187740189554225,"CalCurCEAS_020","MBY",284.424968799619,218.284028431256,4127
7212011034,36.51193,-124.63974,2024-10-27 14:16:59,"SO-588","321245",NA,TRUE,0.166852251834766,"CalCurCEAS_020","MBY",285.975990618219,221.757510862116,4127
7212107912,36.51248,-124.64212,2024-10-27 14:53:40,"SO-588","321245",NA,TRUE,0.195460959142438,"CalCurCEAS_020","MBY",295.533553316399,234.280008826051,4139
7212206271,36.51339,-124.64448,2024-10-27 15:29:39,"SO-588","321245",NA,TRUE,0.21051561700905,"CalCurCEAS_020","MBY",287.310368916339,149.181467223034,4139
7212285385,36.51379,-124.64607,2024-10-27 15:58:59,"SO-588","321245",NA,TRUE,0.164438662734481,"CalCurCEAS_020","MBY",292.884391618446,219.732842117233,4139
7212399127,36.51456,-124.64833,2024-10-27 16:40:41,"SO-588","321245",NA,TRUE,0.170376384375473,"CalCurCEAS_020","MBY",318.195662195033,151.844197745658,4139
7212499449,36.51558,-124.64946,2024-10-27 17:20:41,"SO-588","321245",NA,TRUE,0.122740726511073,"CalCurCEAS_020","MBY",233.376130092687,39.0629169470412,4139
7212583809,36.51537,-124.64981,2024-10-27 17:56:41,"SO-588","321245",NA,TRUE,0.03508428651725,"CalCurCEAS_020","MBY",195.855365909334,62.2929869064545,4139
7212645384,36.51483,-124.65,2024-10-27 18:22:59,"SO-588","321245",NA,TRUE,0.0765832665389871,"CalCurCEAS_020","MBY",187.662314789661,127.643861370909,4139
7212723288,36.51369,-124.65019,2024-10-27 18:59:39,"SO-588","321245",NA,TRUE,0.112558677754347,"CalCurCEAS_020","MBY",193.432113172116,192.810889404866,4139
7212796777,36.512,-124.65069,2024-10-27 19:34:42,"SO-588","321245",NA,TRUE,0.177866441010671,"CalCurCEAS_020","MBY",189.628093595184,310.648637654134,4139
7212884491,36.50924,-124.65127,2024-10-27 20:18:39,"SO-588","321245",NA,TRUE,0.228539384546462,"CalCurCEAS_020","MBY",213.343256895789,229.80152298669,4139
7212956646,36.50751,-124.65268,2024-10-27 20:59:38,"SO-588","321245",NA,TRUE,0.1812992901969,"CalCurCEAS_020","MBY",211.307625987244,584.455129148346,4139
7213165372,36.50301,-124.65607,2024-10-27 22:11:59,"SO-588","321245",NA,TRUE,0.26119395313241,"CalCurCEAS_020","MBY",214.707317584528,256.472391569892,4139
7213201013,36.50111,-124.6577,2024-10-27 22:39:37,"SO-588","321245",NA,TRUE,0.300094354430393,"CalCurCEAS_020","MBY",227.77238355899,298.849109091767,4139
7213327833,36.4993,-124.66017,2024-10-27 23:10:59,"SO-588","321245",NA,TRUE,0.308059124143479,"CalCurCEAS_020","MBY",242.588194651949,366.359638691826,4148
7213378766,36.49778,-124.6638,2024-10-27 23:54:43,"SO-588","321245",NA,TRUE,0.270860403606,"CalCurCEAS_020","MBY",260.183815026412,247.316711830574,4148
7213436682,36.4974,-124.66652,2024-10-28 00:32:38,"SO-588","321245",NA,TRUE,0.210898646572006,"CalCurCEAS_020","MBY",276.147627078104,145.080553727816,4148
7213474656,36.49754,-124.66813,2024-10-28 01:06:39,"SO-588","321245",NA,TRUE,0.137901163268967,"CalCurCEAS_020","MBY",229.225734164124,159.718891325911,4148
7213519677,36.4966,-124.66948,2024-10-28 01:47:01,"SO-588","321245",NA,TRUE,0.127933381161135,"CalCurCEAS_020","MBY",217.841045301601,185.481045427559,4148
7213569207,36.49528,-124.67075,2024-10-28 02:29:40,"SO-588","321245",NA,TRUE,0.140614782387442,"CalCurCEAS_020","MBY",254.029961654276,233.916842808975,4148
7213630068,36.4947,-124.67326,2024-10-28 03:09:37,"SO-588","321245",NA,TRUE,0.189319430558786,"CalCurCEAS_020","MBY",247.986786145768,233.877726298335,4148
7213704095,36.49391,-124.67568,2024-10-28 03:54:00,"SO-588","321245",NA,TRUE,0.170380318820417,"CalCurCEAS_020","MBY",221.21998353828,225.715731253466,4155
7213798613,36.49238,-124.67734,2024-10-28 04:30:40,"SO-588","321245",NA,TRUE,0.199040235741693,"CalCurCEAS_020","MBY",244.530424374545,219.334156262562,4155
7213896670,36.49153,-124.67955,2024-10-28 05:00:00,"SO-588","321245",NA,TRUE,0.241766058607597,"CalCurCEAS_020","MBY",180,0,4159
7213896673,36.49153,-124.67955,2024-10-28 05:00:58,"SO-588","321245",NA,TRUE,0,"CalCurCEAS_020","MBY",248.700450947501,207.728637735568,4159
7214018209,36.49085,-124.68171,2024-10-28 05:28:38,"SO-588","321245",NA,TRUE,0.242767203136749,"CalCurCEAS_020","MBY",248.727611317198,287.50066243878,4159
7214269748,36.48991,-124.6847,2024-10-28 06:13:45,"SO-588","321245",NA,TRUE,0.206040371308177,"CalCurCEAS_020","MBY",225.71154061872,182.754689007737,4159
7214494527,36.48876,-124.68616,2024-10-28 06:49:59,"SO-588","321245",NA,TRUE,0.16308376112006,"CalCurCEAS_020","MBY",216.218392422116,236.57769656513,4159
7214729338,36.48704,-124.68772,2024-10-28 07:24:38,"SO-588","321245",NA,TRUE,0.220760332533118,"CalCurCEAS_020","MBY",232.669602366621,539.807761109298,4159
7215174212,36.48409,-124.69251,2024-10-28 08:28:37,"SO-588","321245",NA,TRUE,0.272786417439968,"CalCurCEAS_020","MBY",239.419809072017,571.450858100256,4165
7215716106,36.48147,-124.698,2024-10-28 09:44:58,"SO-588","321245",NA,TRUE,0.242002764617877,"CalCurCEAS_020","MBY",232.853764740641,362.012910276956,4165
7216077951,36.4795,-124.70122,2024-10-28 10:34:25,"SO-588","321245",NA,TRUE,0.236705441839331,"CalCurCEAS_020","MBY",236.767770114211,220.703604337128,4165
7216248313,36.47841,-124.70328,2024-10-28 10:57:40,"SO-588","321245",NA,TRUE,0.306928309974215,"CalCurCEAS_020","MBY",218.662124568972,304.118742475497,4165
7216547208,36.47627,-124.7054,2024-10-28 11:39:00,"SO-588","321245",NA,TRUE,0.237899338871962,"CalCurCEAS_020","MBY",220.327666063573,199.414698571438,4165
7216777161,36.4749,-124.70684,2024-10-28 12:10:38,"SO-588","321245",NA,TRUE,0.203827457970806,"CalCurCEAS_020","MBY",245.479323893101,243.307533443634,4172
7217053154,36.47399,-124.70931,2024-10-28 12:48:38,"SO-588","321245",NA,TRUE,0.207024831088004,"CalCurCEAS_020","MBY",248.655350479359,307.91139746753,4177
7217364833,36.47298,-124.71251,2024-10-28 13:31:40,"SO-588","321245",NA,TRUE,0.231350933805968,"CalCurCEAS_020","MBY",248.250860867966,347.372460690084,4177
7217672857,36.47182,-124.71611,2024-10-28 14:15:17,"SO-588","321245",NA,TRUE,0.257509581100024,"CalCurCEAS_020","MBY",248.634425566273,277.167201450793,4177
7217890025,36.47091,-124.71899,2024-10-28 14:47:38,"SO-588","321245",NA,TRUE,0.277024405365553,"CalCurCEAS_020","MBY",277.426449839155,274.762486275287,4177
7218140373,36.47123,-124.72203,2024-10-28 15:25:40,"SO-588","321245",NA,TRUE,0.233584234607387,"CalCurCEAS_020","MBY",261.870287442603,211.850433113409,4177
7218320348,36.47096,-124.72437,2024-10-28 15:54:37,"SO-588","321245",NA,TRUE,0.236609004168114,"CalCurCEAS_020","MBY",258.463151732727,255.210148489717,4177
7218550020,36.4705,-124.72716,2024-10-28 16:34:00,"SO-588","321245",NA,TRUE,0.209525047850212,"CalCurCEAS_020","MBY",257.675491200021,171.553150128975,4185
7218770439,36.47017,-124.72903,2024-10-28 17:16:40,"SO-588","321245",NA,TRUE,0.130005121582114,"CalCurCEAS_020","MBY",257.48788948622,194.629288137473,4185
7218963274,36.46979,-124.73115,2024-10-28 17:58:58,"SO-588","321245",NA,TRUE,0.14877100826899,"CalCurCEAS_020","MBY",238.978952643024,146.418386988489,4185
7219089320,36.46911,-124.73255,2024-10-28 18:27:59,"SO-588","321245",NA,TRUE,0.163154319791883,"CalCurCEAS_020","MBY",211.35994059256,142.946523176579,4185
7219192990,36.46801,-124.73338,2024-10-28 18:54:37,"SO-588","321245",NA,TRUE,0.173539583831391,"CalCurCEAS_020","MBY",202.164273926181,137.794902011647,4185
7219306002,36.46686,-124.73396,2024-10-28 19:24:39,"SO-588","321245",NA,TRUE,0.148347452776135,"CalCurCEAS_020","MBY",199.840076429631,232.400379045241,4185
7219443943,36.46489,-124.73484,2024-10-28 20:05:00,"SO-588","321245",NA,TRUE,0.186227482588916,"CalCurCEAS_020","MBY",203.60067593282,385.084899145412,4185
7219579801,36.46171,-124.73656,2024-10-28 20:49:39,"SO-588","321245",NA,TRUE,0.278859538761515,"CalCurCEAS_020","MBY",218.709009156222,359.776305787055,4185
7219671741,36.45918,-124.73907,2024-10-28 21:19:41,"SO-588","321245",NA,TRUE,0.387328542301269,"CalCurCEAS_020","MBY",217.747728575372,976.728709094768,4185
7219941194,36.45222,-124.74574,2024-10-28 22:35:59,"SO-588","321245",NA,TRUE,0.413904258550426,"CalCurCEAS_020","MBY",208.27167612819,829.052551949263,4204
7220154583,36.44564,-124.75012,2024-10-28 23:41:40,"SO-588","321245",NA,TRUE,0.408110111845108,"CalCurCEAS_020","MBY",200.299375820122,560.813102368658,4204
7220239640,36.4409,-124.75229,2024-10-29 00:23:41,"SO-588","321245",NA,TRUE,0.431565814595477,"CalCurCEAS_020","MBY",206.033849491333,437.180148116685,4216
7220289303,36.43736,-124.75443,2024-10-29 00:54:38,"SO-588","321245",NA,TRUE,0.456720240897345,"CalCurCEAS_020","MBY",216.491568262446,734.29685873779,4216
7220356855,36.43204,-124.7593,2024-10-29 01:38:58,"SO-588","321245",NA,TRUE,0.53553981426741,"CalCurCEAS_020","MBY",218.88459493979,684.253186541897,4236
7220415311,36.42724,-124.76409,2024-10-29 02:19:39,"SO-588","321245",NA,TRUE,0.543814494834609,"CalCurCEAS_020","MBY",216.570638244624,723.993489713692,4236
7220471427,36.422,-124.7689,2024-10-29 02:56:41,"SO-588","321245",NA,TRUE,0.6321095274728,"CalCurCEAS_020","MBY",232.020681397336,733.884376529156,4244
7220550708,36.41793,-124.77535,2024-10-29 03:36:00,"SO-588","321245",NA,TRUE,0.603533569506809,"CalCurCEAS_020","MBY",233.234977087744,743.409065441187,4260
7220659672,36.41392,-124.78199,2024-10-29 04:19:42,"SO-588","321245",NA,TRUE,0.550043320730703,"CalCurCEAS_020","MBY",238.001901143874,418.814451259152,4260
7220734225,36.41192,-124.78595,2024-10-29 04:45:38,"SO-588","321245",NA,TRUE,0.522172259281976,"CalCurCEAS_020","MBY",242.666759519783,442.237599813546,4260
7220864100,36.41009,-124.79033,2024-10-29 05:00:00,"SO-588","321245",NA,TRUE,0.995291117909838,"CalCurCEAS_020","MBY",180,0,4260
7220864103,36.41009,-124.79033,2024-10-29 05:13:39,"SO-588","321245",NA,TRUE,0,"CalCurCEAS_020","MBY",247.070293951054,338.922303188625,4260
7220989563,36.4089,-124.79381,2024-10-29 05:40:40,"SO-588","321245",NA,TRUE,0.405619536203536,"CalCurCEAS_020","MBY",229.67192285602,401.222274677941,4267
7221219405,36.40656,-124.79722,2024-10-29 06:15:59,"SO-588","321245",NA,TRUE,0.367329501120909,"CalCurCEAS_020","MBY",229.303105009111,372.685182880978,4265
7221388091,36.40437,-124.80037,2024-10-29 06:41:35,"SO-588","321245",NA,TRUE,0.470709150253319,"CalCurCEAS_020","MBY",227.610444207761,704.455040541078,4265
7221680467,36.40009,-124.80617,2024-10-29 07:22:39,"SO-588","321245",NA,TRUE,0.554643984841596,"CalCurCEAS_020","MBY",227.506187906547,553.57706113164,4265
7221900629,36.39672,-124.81072,2024-10-29 07:52:38,"SO-588","321245",NA,TRUE,0.596964701831786,"CalCurCEAS_020","MBY",224.882945066479,452.595985237036,4271
7222104492,36.39383,-124.81428,2024-10-29 08:19:38,"SO-588","321245",NA,TRUE,0.54199766133324,"CalCurCEAS_020","MBY",227.752757410122,1341.74740777017,4271
7222703044,36.3857,-124.82535,2024-10-29 09:37:59,"SO-588","321245",NA,TRUE,0.553709842815174,"CalCurCEAS_020","MBY",232.264661931242,554.799012902272,4278
7222994785,36.38264,-124.83024,2024-10-29 10:14:39,"SO-588","321245",NA,TRUE,0.489231856832003,"CalCurCEAS_020","MBY",236.070875178906,467.174985543998,4278
7223252239,36.38029,-124.83456,2024-10-29 10:46:37,"SO-588","321245",NA,TRUE,0.472533614158163,"CalCurCEAS_020","MBY",237.013357089863,472.835374516112,4278
7223543765,36.37797,-124.83898,2024-10-29 11:23:40,"SO-588","321245",NA,TRUE,0.412640857652388,"CalCurCEAS_020","MBY",227.753602565089,566.104041832116,4278
7223899017,36.37454,-124.84365,2024-10-29 12:09:00,"SO-588","321245",NA,TRUE,0.403765382777318,"CalCurCEAS_020","MBY",230.599680526586,491.238151223816,4301
7224204304,36.37173,-124.84788,2024-10-29 12:48:00,"SO-588","321245",NA,TRUE,0.407265817681283,"CalCurCEAS_020","MBY",231.881672627685,343.341826935895,4301
7224428883,36.36982,-124.85089,2024-10-29 13:16:44,"SO-588","321245",NA,TRUE,0.386359132398861,"CalCurCEAS_020","MBY",219.466967879275,1039.20567628628,4301
7225009373,36.36259,-124.85825,2024-10-29 14:33:39,"SO-588","321245",NA,TRUE,0.436849190031503,"CalCurCEAS_020","MBY",222.310272498387,502.6683898979,4301
7225322136,36.35924,-124.86202,2024-10-29 15:17:38,"SO-588","321245",NA,TRUE,0.369525076317516,"CalCurCEAS_020","MBY",228.490439807712,324.815667618804,4344
7225505848,36.3573,-124.86473,2024-10-29 15:45:00,"SO-588","321245",NA,TRUE,0.383765161498465,"CalCurCEAS_020","MBY",232.935905403039,451.061322744576,4338
7225745925,36.35485,-124.86874,2024-10-29 16:22:38,"SO-588","321245",NA,TRUE,0.387537186060442,"CalCurCEAS_020","MBY",228.55500363357,343.67025616229,4338
7225896632,36.3528,-124.87161,2024-10-29 16:48:39,"SO-588","321245",NA,TRUE,0.427111016627061,"CalCurCEAS_020","MBY",219.191242870632,545.483059059208,4338
7226115943,36.34899,-124.87545,2024-10-29 17:30:00,"SO-588","321245",NA,TRUE,0.42653653146911,"CalCurCEAS_020","MBY",219.33943419334,545.202463147852,4381
7226286505,36.34519,-124.8793,2024-10-29 18:05:39,"SO-588","321245",NA,TRUE,0.494480027352423,"CalCurCEAS_020","MBY",221.822858774799,617.941931985841,4381
7226455283,36.34104,-124.88389,2024-10-29 18:45:00,"SO-588","321245",NA,TRUE,0.507754065248849,"CalCurCEAS_020","MBY",219.419813716324,630.575483637,4370
7226613628,36.33665,-124.88835,2024-10-29 19:24:37,"SO-588","321245",NA,TRUE,0.514647218450055,"CalCurCEAS_020","MBY",214.985762309513,621.660427987098,4370
7226746625,36.33206,-124.89232,2024-10-29 20:01:01,"SO-588","321245",NA,TRUE,0.552207523028832,"CalCurCEAS_020","MBY",217.722209171449,604.627086504672,4408
7226871464,36.32775,-124.89644,2024-10-29 20:39:40,"SO-588","321245",NA,TRUE,0.505811361715854,"CalCurCEAS_020","MBY",211.818877634971,369.567972658448,4408
7226960917,36.32492,-124.89861,2024-10-29 21:06:40,"SO-588","321245",NA,TRUE,0.442569053677401,"CalCurCEAS_020","MBY",212.328190383234,409.71424666761,4392
7227045028,36.3218,-124.90105,2024-10-29 21:37:41,"SO-588","321245",NA,TRUE,0.427106737525612,"CalCurCEAS_020","MBY",205.794890277993,354.945290612329,4392
7227208998,36.31892,-124.90277,2024-10-29 22:03:38,"SO-588","321245",NA,TRUE,0.442256816819473,"CalCurCEAS_020","MBY",210.045560477866,435.843217003676,4392
7227264466,36.31552,-124.9052,2024-10-29 22:33:00,"SO-588","321245",NA,TRUE,0.479872781490994,"CalCurCEAS_020","MBY",211.898405172181,497.972641110733,4392
7227414074,36.31171,-124.90813,2024-10-29 23:07:59,"SO-588","321245",NA,TRUE,0.460251035614494,"CalCurCEAS_020","MBY",218.884060886148,393.438117057699,4392
7227475684,36.30895,-124.91088,2024-10-29 23:35:37,"SO-588","321245",NA,TRUE,0.460355818511421,"CalCurCEAS_020","MBY",220.531921308618,492.004634308386,4418
7227557028,36.30558,-124.91444,2024-10-30 00:13:39,"SO-588","321245",NA,TRUE,0.418268619876542,"CalCurCEAS_020","MBY",218.494734105488,405.480099603426,4409
7227619203,36.30272,-124.91725,2024-10-30 00:52:41,"SO-588","321245",NA,TRUE,0.335880184983197,"CalCurCEAS_020","MBY",214.244941814287,438.946766485264,4409
7227692564,36.29945,-124.92,2024-10-30 01:38:00,"SO-588","321245",NA,TRUE,0.313187468547779,"CalCurCEAS_020","MBY",208.974560856195,389.398135510764,4409
7227748429,36.29638,-124.9221,2024-10-30 02:14:38,"SO-588","321245",NA,TRUE,0.343690802043168,"CalCurCEAS_020","MBY",198.791960824195,426.652525754483,4409
7227815310,36.29274,-124.92363,2024-10-30 02:58:42,"SO-588","321245",NA,TRUE,0.313050642951474,"CalCurCEAS_020","MBY",201.949221681325,271.57350417882,4409
7227871433,36.29047,-124.92476,2024-10-30 03:25:38,"SO-588","321245",NA,TRUE,0.326022647343386,"CalCurCEAS_020","MBY",195.307762255809,241.596391804957,4404
7227925303,36.28837,-124.92547,2024-10-30 03:53:00,"SO-588","321245",NA,TRUE,0.285442752802446,"CalCurCEAS_020","MBY",209.302981994189,319.38655826358,4425
7228037938,36.28586,-124.92721,2024-10-30 04:32:42,"SO-588","321245",NA,TRUE,0.260121714118953,"CalCurCEAS_020","MBY",207.540145395248,295.340543034534,4425
7228170062,36.2835,-124.92873,2024-10-30 05:00:00,"SO-588","321245",NA,TRUE,0.34979282874664,"CalCurCEAS_020","MBY",180,0,4425
7228170064,36.2835,-124.92873,2024-10-30 05:04:38,"SO-588","321245",NA,TRUE,0,"CalCurCEAS_020","MBY",202.150440831314,431.300993786793,4425
7228354600,36.2799,-124.93054,2024-10-30 05:44:41,"SO-588","321245",NA,TRUE,0.348199720327249,"CalCurCEAS_020","MBY",199.838546158024,465.960512122007,4425
7228626935,36.27595,-124.9323,2024-10-30 06:25:58,"SO-588","321245",NA,TRUE,0.364942831456073,"CalCurCEAS_020","MBY",204.733172820578,478.90912318208,4425
7228887847,36.27203,-124.93453,2024-10-30 07:03:41,"SO-588","321245",NA,TRUE,0.410553998662499,"CalCurCEAS_020","MBY",200.761614625343,428.397466647262,4418
7229134181,36.26842,-124.93622,2024-10-30 07:37:39,"SO-588","321245",NA,TRUE,0.407797392196118,"CalCurCEAS_020","MBY",202.977258964024,485.719707590325,4418
7229404145,36.26439,-124.93833,2024-10-30 08:13:40,"SO-588","321245",NA,TRUE,0.436046382566048,"CalCurCEAS_020","MBY",199.870702009584,504.989718859874,4418
7229716632,36.26011,-124.94024,2024-10-30 08:54:59,"SO-588","321245",NA,TRUE,0.3951916315402,"CalCurCEAS_020","MBY",199.927122301559,371.795606560449,4418
7229974274,36.25696,-124.94165,2024-10-30 09:29:39,"SO-588","321245",NA,TRUE,0.346770902272726,"CalCurCEAS_020","MBY",197.906547181877,438.462022240281,4413
7230314754,36.2532,-124.94315,2024-10-30 10:12:39,"SO-588","321245",NA,TRUE,0.329696249281452,"CalCurCEAS_020","MBY",194.770876010618,440.662268862473,4424
7230588762,36.24936,-124.9444,2024-10-30 10:47:37,"SO-588","321245",NA,TRUE,0.407476073209341,"CalCurCEAS_020","MBY",196.013716001579,495.250589964167,4424
7230912239,36.24507,-124.94592,2024-10-30 11:29:01,"SO-588","321245",NA,TRUE,0.386789913257038,"CalCurCEAS_020","MBY",201.5878696228,310.268380321335,4424
7231132479,36.24247,-124.94719,2024-10-30 11:57:38,"SO-588","321245",NA,TRUE,0.350565321970524,"CalCurCEAS_020","MBY",199.039136971327,325.155499184603,4424
7231426240,36.2397,-124.94837,2024-10-30 12:35:15,"SO-588","321245",NA,TRUE,0.279486782639845,"CalCurCEAS_020","MBY",211.02977426433,261.576856490668,4423
7231697882,36.23768,-124.94987,2024-10-30 13:09:40,"SO-588","321245",NA,TRUE,0.245742906339901,"CalCurCEAS_020","MBY",206.597704759366,357.395467994622,4423
7231978299,36.2348,-124.95165,2024-10-30 13:46:39,"SO-588","321245",NA,TRUE,0.312459309558164,"CalCurCEAS_020","MBY",199.902954633227,322.172382955879,4423
7232296607,36.23207,-124.95287,2024-10-30 14:29:39,"SO-588","321245",NA,TRUE,0.242253652300157,"CalCurCEAS_020","MBY",195.013619555888,662.884324975741,4423
7232880100,36.2263,-124.95478,2024-10-30 15:53:00,"SO-588","321245",NA,TRUE,0.257147688552877,"CalCurCEAS_020","MBY",199.981983290536,334.140238433591,4423
7233125122,36.22347,-124.95605,2024-10-30 16:31:39,"SO-588","321245",NA,TRUE,0.279530859232931,"CalCurCEAS_020","MBY",205.655114320152,272.047077329673,4423
7233310097,36.22126,-124.95736,2024-10-30 17:03:59,"SO-588","321245",NA,TRUE,0.272047077329673,"CalCurCEAS_020","MBY",206.238658311602,388.447943979246,4423
7233540103,36.21812,-124.95927,2024-10-30 17:49:15,"SO-588","321245",NA,TRUE,0.277462817128033,"CalCurCEAS_020","MBY",212.953911608635,191.74611733751,4439
7233663065,36.21667,-124.96043,2024-10-30 18:15:36,"SO-588","321245",NA,TRUE,0.23528619078733,"CalCurCEAS_020","MBY",204.69317229472,217.39248838401,4439
7233803707,36.21489,-124.96144,2024-10-30 18:48:42,"SO-588","321245",NA,TRUE,0.212357214232115,"CalCurCEAS_020","MBY",181.42105301777,217.554331341558,4439
7233924750,36.21293,-124.9615,2024-10-30 19:18:39,"SO-588","321245",NA,TRUE,0.234866668226279,"CalCurCEAS_020","MBY",170.403448968214,312.854848409764,4439
7234071120,36.21015,-124.96092,2024-10-30 19:58:40,"SO-588","321245",NA,TRUE,0.252785675099934,"CalCurCEAS_020","MBY",162.799736701868,437.91386403009,4439
7234222724,36.20638,-124.95948,2024-10-30 20:42:58,"SO-588","321245",NA,TRUE,0.319621104672075,"CalCurCEAS_020","MBY",172.037179048755,441.449577757832,4443
7234340488,36.20244,-124.9588,2024-10-30 21:19:39,"SO-588","321245",NA,TRUE,0.389101399750202,"CalCurCEAS_020","MBY",173.016266131933,443.814624585177,4443
7234445621,36.19847,-124.9582,2024-10-30 21:59:39,"SO-588","321245",NA,TRUE,0.358750154873018,"CalCurCEAS_020","MBY",165.563289959084,364.366130425513,4428
7234596767,36.19529,-124.95719,2024-10-30 22:25:40,"SO-588","321245",NA,TRUE,0.452831705974052,"CalCurCEAS_020","MBY",166.476929098967,415.42047411779,4428
7234655796,36.19165,-124.95611,2024-10-30 22:52:59,"SO-588","321245",NA,TRUE,0.49171184855919,"CalCurCEAS_020","MBY",179.809647306735,541.500046811638,4432
7234811590,36.18677,-124.95609,2024-10-30 23:26:39,"SO-588","321245",NA,TRUE,0.520054500403256,"CalCurCEAS_020","MBY",176.951983911266,676.718340242477,4432
7234901166,36.18068,-124.95569,2024-10-31 00:06:41,"SO-588","321245",NA,TRUE,0.546558526257454,"CalCurCEAS_020","MBY",179.453517569965,471.611285151487,4432
7234951101,36.17643,-124.95564,2024-10-31 00:35:38,"SO-588","321245",NA,TRUE,0.526727629933152,"CalCurCEAS_020","MBY",181.180880272673,392.889775293242,4432
7235003157,36.17289,-124.95573,2024-10-31 01:06:58,"SO-588","321245",NA,TRUE,0.405428810674941,"CalCurCEAS_020","MBY",173.549457236102,280.28948514603,4436
7235049034,36.17038,-124.95538,2024-10-31 01:37:38,"SO-588","321245",NA,TRUE,0.295522609338749,"CalCurCEAS_020","MBY",172.210344823954,365.105483634518,4436
7235109639,36.16712,-124.95483,2024-10-31 02:17:37,"SO-588","321245",NA,TRUE,0.295249953418493,"CalCurCEAS_020","MBY",177.897841396987,269.819431710547,4436
7235161280,36.16469,-124.95472,2024-10-31 02:50:38,"SO-588","321245",NA,TRUE,0.264235082038598,"CalCurCEAS_020","MBY",170.359362716573,451.331293193991,4436
7235243212,36.16068,-124.95388,2024-10-31 03:31:58,"SO-588","321245",NA,TRUE,0.353057543869493,"CalCurCEAS_020","MBY",168.22733213538,445.450092158772,4436
7235332410,36.15675,-124.95287,2024-10-31 04:08:39,"SO-588","321245",NA,TRUE,0.392627523302144,"CalCurCEAS_020","MBY",170.843256852666,361.908979508728,4438
7235400051,36.15353,-124.95223,2024-10-31 04:34:37,"SO-588","321245",NA,TRUE,0.450644043804192,"CalCurCEAS_020","MBY",173.961337841721,461.945032376746,4438
7235582529,36.14939,-124.95169,2024-10-31 05:00:00,"SO-588","321245",NA,TRUE,0.588426370854162,"CalCurCEAS_020","MBY",180,0,4438
7235582532,36.14939,-124.95169,2024-10-31 05:17:42,"SO-588","321245",NA,TRUE,0,"CalCurCEAS_020","MBY",181.553345973453,365.198328421892,4438
7235717982,36.1461,-124.9518,2024-10-31 05:46:38,"SO-588","321245",NA,TRUE,0.408113339365478,"CalCurCEAS_020","MBY",178.774719494372,547.166115096752,4438
7235969761,36.14117,-124.95167,2024-10-31 06:24:59,"SO-588","321245",NA,TRUE,0.461322148321468,"CalCurCEAS_020","MBY",182.780837618137,556.572849848239,4427
7236255922,36.13616,-124.95197,2024-10-31 07:06:41,"SO-588","321245",NA,TRUE,0.431555287252432,"CalCurCEAS_020","MBY",178.88585302433,972.206045208009,4427
7236773388,36.1274,-124.95176,2024-10-31 08:17:40,"SO-588","321245",NA,TRUE,0.442845674501887,"CalCurCEAS_020","MBY",171.507464115174,365.744125482221,4427
7236967121,36.12414,-124.95116,2024-10-31 08:44:00,"SO-588","321245",NA,TRUE,0.449078230022474,"CalCurCEAS_020","MBY",170.63320631144,680.386677907667,4422
7237304909,36.11809,-124.94993,2024-10-31 09:28:59,"SO-588","321245",NA,TRUE,0.489051558036633,"CalCurCEAS_020","MBY",165.597052250304,952.004818938629,4422
7237796176,36.10978,-124.9473,2024-10-31 10:33:39,"SO-588","321245",NA,TRUE,0.476002409469315,"CalCurCEAS_020","MBY",164.533785497672,452.460458710059,4422
7238045798,36.10585,-124.94596,2024-10-31 11:06:01,"SO-588","321245",NA,TRUE,0.451994485014168,"CalCurCEAS_020","MBY",159.21096246046,553.085066844077,4426
7238329018,36.10119,-124.94378,2024-10-31 11:43:41,"SO-588","321245",NA,TRUE,0.474772137025446,"CalCurCEAS_020","MBY",165.768860376111,457.894559384114,4426
7238547601,36.09719,-124.94253,2024-10-31 12:12:39,"SO-588","321245",NA,TRUE,0.511113604836123,"CalCurCEAS_020","MBY",163.537998605571,476.698177964934,4426
7238784926,36.09307,-124.94103,2024-10-31 12:44:40,"SO-588","321245",NA,TRUE,0.481413048022891,"CalCurCEAS_020","MBY",161.927217520555,571.92235738212,4388
7239079583,36.08817,-124.93906,2024-10-31 13:23:41,"SO-588","321245",NA,TRUE,0.47395530684379,"CalCurCEAS_020","MBY",165.605783991568,623.187143412222,4400
7239399135,36.08273,-124.93734,2024-10-31 14:08:00,"SO-588","321245",NA,TRUE,0.454675839872024,"CalCurCEAS_020","MBY",163.101073737495,387.332763957719,4400
7239585782,36.07939,-124.93609,2024-10-31 14:33:59,"SO-588","321245",NA,TRUE,0.481992021858868,"CalCurCEAS_020","MBY",163.932732353106,628.160543710126,4400
7239869326,36.07395,-124.93416,2024-10-31 15:15:40,"SO-588","321245",NA,TRUE,0.487257678847519,"CalCurCEAS_020","MBY",165.272451549054,559.879734695474,4421
7240126438,36.06907,-124.93258,2024-10-31 15:55:59,"SO-588","321245",NA,TRUE,0.449014752091451,"CalCurCEAS_020","MBY",171.008650099609,351.626219978895,4421
7240293940,36.06594,-124.93197,2024-10-31 16:23:36,"SO-588","321245",NA,TRUE,0.411680667929424,"CalCurCEAS_020","MBY",167.694509943937,532.639825544103,4421
7240516044,36.06125,-124.93071,2024-10-31 17:03:39,"SO-588","321245",NA,TRUE,0.430013009386417,"CalCurCEAS_020","MBY",172.080961187311,523.172449008387,4421
7240714536,36.05658,-124.92991,2024-10-31 17:43:18,"SO-588","321245",NA,TRUE,0.426630748665939,"CalCurCEAS_020","MBY",173.930053763556,468.65942300649,4440
7240882653,36.05238,-124.92936,2024-10-31 18:20:37,"SO-588","321245",NA,TRUE,0.406073818951582,"CalCurCEAS_020","MBY",162.804808756111,478.543144576054,4440
7241062095,36.04826,-124.92779,2024-10-31 19:04:41,"SO-588","321245",NA,TRUE,0.351124697608753,"CalCurCEAS_020","MBY",147.542380632605,406.337867229864,4440
7241184937,36.04517,-124.92537,2024-10-31 19:37:38,"SO-588","321245",NA,TRUE,0.398733162582669,"CalCurCEAS_020","MBY",145.846135142839,561.80955487746,4440
7241333411,36.04098,-124.92187,2024-10-31 20:19:59,"SO-588","321245",NA,TRUE,0.428929766415691,"CalCurCEAS_020","MBY",139.327772478043,504.719798176531,4427
7241438675,36.03753,-124.91822,2024-10-31 20:54:36,"SO-588","321245",NA,TRUE,0.471428217844232,"CalCurCEAS_020","MBY",139.882639304628,699.353517274815,4427
7241567774,36.03271,-124.91322,2024-10-31 21:37:41,"SO-588","321245",NA,TRUE,0.524853316639513,"CalCurCEAS_020","MBY",140.991867999576,509.769556518113,4427
7241718321,36.02914,-124.90966,2024-10-31 22:06:42,"SO-588","321245",NA,TRUE,0.568037300198242,"CalCurCEAS_020","MBY",140.825931340054,465.169408333796,4427
7241790398,36.02589,-124.9064,2024-10-31 22:33:00,"SO-588","321245",NA,TRUE,0.571881275137873,"CalCurCEAS_020","MBY",140.758257427318,525.788736893854,4385
7241885444,36.02222,-124.90271,2024-10-31 23:02:40,"SO-588","321245",NA,TRUE,0.573050645828133,"CalCurCEAS_020","MBY",137.071671598421,512.199647422845,4380
7241994095,36.01884,-124.89884,2024-10-31 23:29:36,"SO-588","321245",NA,TRUE,0.614893141089306,"CalCurCEAS_020","MBY",142.30965543705,572.086219931847,4380
7242044306,36.01476,-124.89496,2024-10-31 23:57:38,"SO-588","321245",NA,TRUE,0.659837851764437,"CalCurCEAS_020","MBY",141.62734154902,943.989861093523,4380
7242144235,36.00809,-124.88846,2024-11-01 00:43:00,"SO-588","321245",NA,TRUE,0.672792186084289,"CalCurCEAS_020","MBY",147.332576667905,556.227625334668,4326
7242190152,36.00387,-124.88513,2024-11-01 01:09:39,"SO-588","321245",NA,TRUE,0.674847775578021,"CalCurCEAS_020","MBY",152.420918929679,890.04196766812,4326
7242261609,35.99676,-124.88056,2024-11-01 01:53:40,"SO-588","321245",NA,TRUE,0.653798340505927,"CalCurCEAS_020","MBY",154.93430145614,730.065158970938,4326
7242317439,35.9908,-124.87713,2024-11-01 02:29:38,"SO-588","321245",NA,TRUE,0.65631436904709,"CalCurCEAS_020","MBY",152.683110925417,1387.45456982963,4334
7242454577,35.97969,-124.87007,2024-11-01 03:46:00,"SO-588","321245",NA,TRUE,0.587442572123413,"CalCurCEAS_020","MBY",153.118070346435,462.770346744655,4291
7242524562,35.97597,-124.86775,2024-11-01 04:13:39,"SO-588","321245",NA,TRUE,0.541153991973859,"CalCurCEAS_020","MBY",156.321737738338,660.307855140902,4291
7242637953,35.97052,-124.86481,2024-11-01 04:57:38,"SO-588","321245",NA,TRUE,0.485410094343823,"CalCurCEAS_020","MBY",180,0,4323
7242667181,35.97052,-124.86481,2024-11-01 05:00:00,"SO-588","321245",NA,TRUE,0,"CalCurCEAS_020","MBY",149.967842860933,634.411540695916,4323
7242816006,35.96557,-124.86129,2024-11-01 05:39:40,"SO-588","321245",NA,TRUE,0.517125373508436,"CalCurCEAS_020","MBY",151.50780400755,433.03265795184,4323
7242970032,35.96214,-124.859,2024-11-01 06:08:00,"SO-588","321245",NA,TRUE,0.494166680250924,"CalCurCEAS_020","MBY",148.158689555451,448.002433633346,4323
7243131121,35.95871,-124.85638,2024-11-01 06:38:38,"SO-588","321245",NA,TRUE,0.472864374999288,"CalCurCEAS_020","MBY",132.526206404444,428.441406899142,4279
7243315361,35.9561,-124.85288,2024-11-01 07:10:38,"SO-588","321245",NA,TRUE,0.432904338221008,"CalCurCEAS_020","MBY",132.262351326802,410.810035628623,4320
7243495479,35.95361,-124.84951,2024-11-01 07:41:37,"SO-588","321245",NA,TRUE,0.428709773598456,"CalCurCEAS_020","MBY",140.742970246067,566.019282867255,4320
7243738685,35.94966,-124.84554,2024-11-01 08:21:42,"SO-588","321245",NA,TRUE,0.45658104314448,"CalCurCEAS_020","MBY",143.097860679811,670.180521687489,4320
7244000933,35.94483,-124.84108,2024-11-01 09:04:39,"SO-588","321245",NA,TRUE,0.504520842869122,"CalCurCEAS_020","MBY",140.93937531112,688.757975565961,4259
7244269322,35.94001,-124.83627,2024-11-01 09:47:59,"SO-588","321245",NA,TRUE,0.513919412537678,"CalCurCEAS_020","MBY",142.654944091859,587.581478670245,4297
7244511979,35.9358,-124.83232,2024-11-01 10:26:41,"SO-588","321245",NA,TRUE,0.490916480887285,"CalCurCEAS_020","MBY",136.814558275333,681.730151538154,4297
7244791464,35.93132,-124.82715,2024-11-01 11:11:40,"SO-588","321245",NA,TRUE,0.49001722637422,"CalCurCEAS_020","MBY",136.651563366491,665.248250784226,4297
7245069364,35.92696,-124.82209,2024-11-01 11:56:43,"SO-588","321245",NA,TRUE,0.477462673518831,"CalCurCEAS_020","MBY",130.434478832017,463.611263984254,4259
7245273614,35.92425,-124.81818,2024-11-01 12:29:59,"SO-588","321245",NA,TRUE,0.450604134333393,"CalCurCEAS_020","MBY",121.668507008015,598.081682651245,4309
7245535190,35.92142,-124.81254,2024-11-01 13:12:39,"SO-588","321245",NA,TRUE,0.453233775134146,"CalCurCEAS_020","MBY",118.293328145213,503.280055928147,4309
7245730690,35.91927,-124.80763,2024-11-01 13:46:38,"SO-588","321245",NA,TRUE,0.478844192496619,"CalCurCEAS_020","MBY",115.85985982918,422.267973181501,4288
7245885739,35.91761,-124.80342,2024-11-01 14:13:39,"SO-588","321245",NA,TRUE,0.505366975923573,"CalCurCEAS_020","MBY",118.19348564394,448.554611521952,4288
7246037328,35.9157,-124.79904,2024-11-01 14:40:37,"SO-588","321245",NA,TRUE,0.537821969315566,"CalCurCEAS_020","MBY",115.286278943257,509.116080303722,4288
7246187421,35.91374,-124.79394,2024-11-01 15:09:00,"SO-588","321245",NA,TRUE,0.579967819018919,"CalCurCEAS_020","MBY",118.761791514337,491.155122986501,4288
7246320888,35.91161,-124.78917,2024-11-01 15:34:37,"SO-588","321245",NA,TRUE,0.619935548857392,"CalCurCEAS_020","MBY",120.244810725318,795.180846481988,4286
7246524519,35.908,-124.78156,2024-11-01 16:14:41,"SO-588","321245",NA,TRUE,0.641701681437211,"CalCurCEAS_020","MBY",121.571705430416,866.719647466101,4298
7246730791,35.90391,-124.77338,2024-11-01 16:59:42,"SO-588","321245",NA,TRUE,0.622523552789425,"CalCurCEAS_020","MBY",127.822620287908,772.588721498387,4299
7246897397,35.89964,-124.76662,2024-11-01 17:39:41,"SO-588","321245",NA,TRUE,0.624769537185023,"CalCurCEAS_020","MBY",132.12818291044,650.050345789792,4299
7247029734,35.89571,-124.76128,2024-11-01 18:13:59,"SO-588","321245",NA,TRUE,0.612778265710494,"CalCurCEAS_020","MBY",130.017002674754,688.479841663089,4299
7247174663,35.89172,-124.75544,2024-11-01 18:53:40,"SO-588","321245",NA,TRUE,0.56096215574397,"CalCurCEAS_020","MBY",125.922113969523,597.613310681713,4301
7247285983,35.88856,-124.75008,2024-11-01 19:26:37,"SO-588","321245",NA,TRUE,0.58642884305641,"CalCurCEAS_020","MBY",121.953531038471,559.759368650366,4294
7247380835,35.88589,-124.74482,2024-11-01 19:56:59,"SO-588","321245",NA,TRUE,0.596011621943858,"CalCurCEAS_020","MBY",120.390946705218,668.909368631974,4294
7247482969,35.88284,-124.73843,2024-11-01 20:30:41,"SO-588","321245",NA,TRUE,0.641782480289826,"CalCurCEAS_020","MBY",122.621214629629,563.937367389511,4276
7247559275,35.8801,-124.73317,2024-11-01 20:58:38,"SO-588","321245",NA,TRUE,0.652378349872183,"CalCurCEAS_020","MBY",129.222157920602,663.264812251752,4276
7247650205,35.87632,-124.72748,2024-11-01 21:30:40,"SO-588","321245",NA,TRUE,0.669476449411238,"CalCurCEAS_020","MBY",133.421848165233,719.925517777561,4276
7247811244,35.87186,-124.72169,2024-11-01 22:06:59,"SO-588","321245",NA,TRUE,0.640961681729448,"CalCurCEAS_020","MBY",134.860658470932,710.972538825176,4246
7247893946,35.86734,-124.71611,2024-11-01 22:45:38,"SO-588","321245",NA,TRUE,0.594776509409591,"CalCurCEAS_020","MBY",132.912296438934,547.535301812062,4246
7248040268,35.86398,-124.71167,2024-11-01 23:18:39,"SO-588","321245",NA,TRUE,0.536203172900253,"CalCurCEAS_020","MBY",127.178993049952,637.100466858333,4246
7248106447,35.86051,-124.70605,2024-11-02,"SO-588","321245",NA,TRUE,0.498176100646984,"CalCurCEAS_020","MBY",121.275973953561,480.857471936327,4231
7248164312,35.85826,-124.7015,2024-11-02 00:29:39,"SO-588","321245",NA,TRUE,0.524375208294815,"CalCurCEAS_020","MBY",113.650821024801,467.407236395809,4232
7248201555,35.85657,-124.69676,2024-11-02 00:57:38,"SO-588","321245",NA,TRUE,0.540065538182173,"CalCurCEAS_020","MBY",109.145623243046,490.515635237569,4232
7248236903,35.85512,-124.69163,2024-11-02 01:24:00,"SO-588","321245",NA,TRUE,0.601517277092847,"CalCurCEAS_020","MBY",108.205541530018,681.799259595226,4226
7248280758,35.8532,-124.68446,2024-11-02 01:58:39,"SO-588","321245",NA,TRUE,0.636214797313487,"CalCurCEAS_020","MBY",112.814053240477,784.002867289057,4226
7248332204,35.85046,-124.67646,2024-11-02 02:38:39,"SO-588","321245",NA,TRUE,0.633735651058655,"CalCurCEAS_020","MBY",116.626378604374,616.42534001386,4226
7248379658,35.84797,-124.67036,2024-11-02 03:09:37,"SO-588","321245",NA,TRUE,0.643630333491329,"CalCurCEAS_020","MBY",113.610035573203,626.058296159146,4229
7248423255,35.84571,-124.66401,2024-11-02 03:40:40,"SO-588","321245",NA,TRUE,0.651934028206518,"CalCurCEAS_020","MBY",107.222367206401,876.779310419456,4229
7248497577,35.84337,-124.65474,2024-11-02 04:21:59,"SO-588","321245",NA,TRUE,0.686144357488401,"CalCurCEAS_020","MBY",102.204418834637,650.721635686832,4234
7248549618,35.84213,-124.6477,2024-11-02 04:52:38,"SO-588","321245",NA,TRUE,0.686460018070938,"CalCurCEAS_020","MBY",180,0,4234
7248576427,35.84213,-124.6477,2024-11-02 05:00:00,"SO-588","321245",NA,TRUE,0,"CalCurCEAS_020","MBY",104.605612950627,871.070699995939,4234
7248652396,35.84015,-124.63837,2024-11-02 05:30:38,"SO-588","321245",NA,TRUE,0.919410858537607,"CalCurCEAS_020","MBY",105.593606450108,577.804279359127,4256
7248711611,35.83875,-124.63221,2024-11-02 05:56:34,"SO-588","321245",NA,TRUE,0.720398651643128,"CalCurCEAS_020","MBY",106.472262247696,614.28531109796,4256
7248807663,35.83718,-124.62569,2024-11-02 06:25:00,"SO-588","321245",NA,TRUE,0.698542499138361,"CalCurCEAS_020","MBY",107.978279677896,848.254666791285,4256
7248918226,35.83482,-124.61676,2024-11-02 07:03:43,"SO-588","321245",NA,TRUE,0.708400367445154,"CalCurCEAS_020","MBY",110.613890754738,942.186361782624,4266
7249052940,35.83183,-124.607,2024-11-02 07:47:41,"SO-588","321245",NA,TRUE,0.692889136413302,"CalCurCEAS_020","MBY",109.862646886366,581.236141278285,4268
7249149255,35.83005,-124.60095,2024-11-02 08:16:38,"SO-588","321245",NA,TRUE,0.649164141669472,"CalCurCEAS_020","MBY",115.448246837567,627.431353152076,4268
7249247745,35.82762,-124.59468,2024-11-02 08:45:41,"SO-588","321245",NA,TRUE,0.698345854913957,"CalCurCEAS_020","MBY",111.416303014507,793.017594532821,4268
7249372380,35.82501,-124.58651,2024-11-02 09:22:00,"SO-588","321245",NA,TRUE,0.706036775306872,"CalCurCEAS_020","MBY",111.190261440011,1678.68929648809,4263
7249633135,35.81954,-124.56919,2024-11-02 10:35:41,"SO-588","321245",NA,TRUE,0.736633620263943,"CalCurCEAS_020","MBY",119.366137975894,671.954295883275,4254
7249743193,35.81657,-124.56271,2024-11-02 11:05:38,"SO-588","321245",NA,TRUE,0.72542645187176,"CalCurCEAS_020","MBY",119.298981619771,918.194034457083,4254
7249896861,35.81252,-124.55385,2024-11-02 11:47:42,"SO-588","321245",NA,TRUE,0.705743433774461,"CalCurCEAS_020","MBY",118.966269249222,620.846740727368,4237
7249997282,35.80981,-124.54784,2024-11-02 12:14:59,"SO-588","321245",NA,TRUE,0.735762172883991,"CalCurCEAS_020","MBY",120.645077535264,574.647814217102,4237
7250092095,35.80717,-124.54237,2024-11-02 12:40:36,"SO-588","321245",NA,TRUE,0.72531994767806,"CalCurCEAS_020","MBY",123.767917993803,802.431250153317,4231
7250229061,35.80315,-124.53499,2024-11-02 13:16:40,"SO-588","321245",NA,TRUE,0.719369974721551,"CalCurCEAS_020","MBY",123.547692842236,1387.22889992778,4217
7250492746,35.79624,-124.5222,2024-11-02 14:27:38,"SO-588","321245",NA,TRUE,0.63203947061059,"CalCurCEAS_020","MBY",120.143799266755,603.164599342546,4202
7250618462,35.79351,-124.51643,2024-11-02 15:02:00,"SO-588","321245",NA,TRUE,0.567477848072036,"CalCurCEAS_020","MBY",117.226972316517,528.657934153322,4202
7250731785,35.79133,-124.51123,2024-11-02 15:32:37,"SO-588","321245",NA,TRUE,0.558299614729148,"CalCurCEAS_020","MBY",112.551359806403,711.648118910404,4194
7250898807,35.78887,-124.50396,2024-11-02 16:17:40,"SO-588","321245",NA,TRUE,0.51076483562197,"CalCurCEAS_020","MBY",101.558164750835,764.046607226815,4169
7251086634,35.78749,-124.49568,2024-11-02 17:12:38,"SO-588","321245",NA,TRUE,0.449439180721656,"CalCurCEAS_020","MBY",95.0085892343005,444.684251660965,4169
7251180193,35.78714,-124.49078,2024-11-02 17:42:59,"SO-588","321245",NA,TRUE,0.473743793642104,"CalCurCEAS_020","MBY",94.2626004140264,552.098392097429,4139
7251278301,35.78677,-124.48469,2024-11-02 18:15:38,"SO-588","321245",NA,TRUE,0.546743685895361,"CalCurCEAS_020","MBY",93.8407684181856,546.376247709806,4139
7251359582,35.78644,-124.47866,2024-11-02 18:45:39,"SO-588","321245",NA,TRUE,0.588545208526942,"CalCurCEAS_020","MBY",93.8007323302009,685.886637654473,4139
7251447043,35.78603,-124.47109,2024-11-02 19:18:38,"SO-588","321245",NA,TRUE,0.672369922713329,"CalCurCEAS_020","MBY",103.408021844403,746.32151379307,4123
7251533076,35.78447,-124.46306,2024-11-02 19:54:00,"SO-588","321245",NA,TRUE,0.682310903279244,"CalCurCEAS_020","MBY",102.457016233183,612.016365399105,4123
7251600796,35.78328,-124.45645,2024-11-02 20:21:36,"SO-588","321245",NA,TRUE,0.716975693764652,"CalCurCEAS_020","MBY",107.212312079367,1049.68967458621,4110
7251705915,35.78048,-124.44536,2024-11-02 21:06:41,"SO-588","321245",NA,TRUE,0.752827345174585,"CalCurCEAS_020","MBY",113.764477458631,1070.92794395025,4110
7251789338,35.77659,-124.43452,2024-11-02 21:51:40,"SO-588","321245",NA,TRUE,0.769766658489618,"CalCurCEAS_020","MBY",115.156739464482,1043.92641870595,4096
7251947158,35.77259,-124.42407,2024-11-02 22:34:59,"SO-588","321245",NA,TRUE,0.77922941604061,"CalCurCEAS_020","MBY",115.032399671613,710.570126240507,4084
7252024407,35.76988,-124.41695,2024-11-02 23:03:38,"SO-588","321245",NA,TRUE,0.801923237292952,"CalCurCEAS_020","MBY",113.9002731143,1076.14895623233,4084
7252124509,35.76595,-124.40607,2024-11-02 23:43:41,"SO-588","321245",NA,TRUE,0.868801071614946,"CalCurCEAS_020","MBY",116.429995279636,899.811233347056,4069
7252178884,35.76234,-124.39716,2024-11-03 00:17:41,"SO-588","321245",NA,TRUE,0.855702839555534,"CalCurCEAS_020","MBY",119.859722443658,699.722510535598,4069
7252208112,35.7592,-124.39045,2024-11-03 00:44:59,"SO-588","321245",NA,TRUE,0.828731178534224,"CalCurCEAS_020","MBY",118.783955548093,1039.14734115116,4056
7252251540,35.75469,-124.38038,2024-11-03 01:26:39,"SO-588","321245",NA,TRUE,0.806378336733298,"CalCurCEAS_020","MBY",120.295464137008,928.10555749445,4062
7252292059,35.75047,-124.37152,2024-11-03 02:08:43,"SO-588","321245",NA,TRUE,0.713361640863405,"CalCurCEAS_020","MBY",118.38808010423,891.405588355195,4051
7252331541,35.74665,-124.36285,2024-11-03 02:52:41,"SO-588","321245",NA,TRUE,0.655544670738847,"CalCurCEAS_020","MBY",117.588064122718,682.771068928695,4051
7252373385,35.7438,-124.35616,2024-11-03 03:28:00,"SO-588","321245",NA,TRUE,0.625094796470821,"CalCurCEAS_020","MBY",112.065475499119,806.231269642364,4036
7252425879,35.74107,-124.3479,2024-11-03 04:09:39,"SO-588","321245",NA,TRUE,0.625885819570303,"CalCurCEAS_020","MBY",110.098783823549,707.033517207554,4047
7252461610,35.73888,-124.34056,2024-11-03 04:44:38,"SO-588","321245",NA,TRUE,0.653475475646811,"CalCurCEAS_020","MBY",180,0,4032
7252485796,35.73888,-124.34056,2024-11-03 05:00:00,"SO-588","321245",NA,TRUE,0,"CalCurCEAS_020","MBY",102.283855793891,750.833578197976,4032
7252538402,35.73744,-124.33245,2024-11-03 05:25:40,"SO-588","321245",NA,TRUE,0.945855286820827,"CalCurCEAS_020","MBY",94.4896406464599,623.38754895609,4032
7252580533,35.737,-124.32558,2024-11-03 05:57:58,"SO-588","321245",NA,TRUE,0.624030879759966,"CalCurCEAS_020","MBY",95.6799402737771,930.003026845481,4032
7252669396,35.73617,-124.31535,2024-11-03 06:40:44,"SO-588","321245",NA,TRUE,0.70311998132511,"CalCurCEAS_020","MBY",101.88321495648,996.571376323022,4019
7252744207,35.73432,-124.30457,2024-11-03 07:23:42,"SO-588","321245",NA,TRUE,0.749941221903283,"CalCurCEAS_020","MBY",102.489461441641,784.826684515401,4010
7252805533,35.73279,-124.2961,2024-11-03 07:56:00,"SO-588","321245",NA,TRUE,0.785636619174343,"CalCurCEAS_020","MBY",106.396106424834,868.543825535961,4010
7252875988,35.73058,-124.28689,2024-11-03 08:32:39,"SO-588","321245",NA,TRUE,0.766246030713853,"CalCurCEAS_020","MBY",106.454503381577,618.835205444031,4009
7252930173,35.729,-124.28033,2024-11-03 08:58:38,"SO-588","321245",NA,TRUE,0.770070749558319,"CalCurCEAS_020","MBY",107.793265749651,1172.5475795342,4009
7253028013,35.72577,-124.26799,2024-11-03 09:43:59,"SO-588","321245",NA,TRUE,0.835994966665327,"CalCurCEAS_020","MBY",109.808301772019,939.562947128846,4014
7253115997,35.7229,-124.25822,2024-11-03 10:22:41,"SO-588","321245",NA,TRUE,0.784992298634781,"CalCurCEAS_020","MBY",109.681685948093,731.279734625835,4020
7253186403,35.72068,-124.25061,2024-11-03 10:52:42,"SO-588","321245",NA,TRUE,0.787719425415946,"CalCurCEAS_020","MBY",108.375358549029,967.753401479418,4020
7253272439,35.71793,-124.24046,2024-11-03 11:29:41,"SO-588","321245",NA,TRUE,0.846075529008594,"CalCurCEAS_020","MBY",108.584865671931,797.128437231998,4018
7253342313,35.71564,-124.23211,2024-11-03 11:58:39,"SO-588","321245",NA,TRUE,0.889775125563911,"CalCurCEAS_020","MBY",111.766734152314,1235.51567162606,4018
7253451429,35.71151,-124.21943,2024-11-03 12:42:59,"SO-588","321245",NA,TRUE,0.901090377050585,"CalCurCEAS_020","MBY",117.670957362502,1223.13693241278,4014
7253565420,35.70639,-124.20746,2024-11-03 13:26:41,"SO-588","321245",NA,TRUE,0.904990712769183,"CalCurCEAS_020","MBY",120.646690428544,787.899386890837,4001
7253639105,35.70277,-124.19997,2024-11-03 13:55:36,"SO-588","321245",NA,TRUE,0.880994127128659,"CalCurCEAS_020","MBY",124.540522512184,1125.12595102959,4001
7253753827,35.69702,-124.18973,2024-11-03 14:39:37,"SO-588","321245",NA,TRUE,0.826484038242104,"CalCurCEAS_020","MBY",125.665287514262,951.434659915917,3993
7253858444,35.69202,-124.18119,2024-11-03 15:18:59,"SO-588","321245",NA,TRUE,0.781449297306045,"CalCurCEAS_020","MBY",126.62317035764,842.499348131094,3993
7253953022,35.68749,-124.17372,2024-11-03 15:54:42,"SO-588","321245",NA,TRUE,0.762691897048213,"CalCurCEAS_020","MBY",129.105801983133,900.592655338759,3984
7254055859,35.68237,-124.166,2024-11-03 16:32:39,"SO-588","321245",NA,TRUE,0.767303360279839,"CalCurCEAS_020","MBY",136.062436094898,791.952119871298,3984
7254146566,35.67723,-124.15993,2024-11-03 17:07:39,"SO-588","321245",NA,TRUE,0.731612910738247,"CalCurCEAS_020","MBY",136.471458269618,699.338155451978,3984
7254229556,35.67266,-124.15461,2024-11-03 17:41:00,"SO-588","321245",NA,TRUE,0.678019001287775,"CalCurCEAS_020","MBY",138.11125506041,797.350880231822,3981
7254329961,35.66731,-124.14873,2024-11-03 18:23:41,"SO-588","321245",NA,TRUE,0.604006523877288,"CalCurCEAS_020","MBY",133.888755430979,520.134645162269,3981
7254399261,35.66406,-124.14459,2024-11-03 18:54:37,"SO-588","321245",NA,TRUE,0.543675221775216,"CalCurCEAS_020","MBY",132.772794289673,614.306171777685,3981
7254476818,35.6603,-124.13961,2024-11-03 19:30:39,"SO-588","321245",NA,TRUE,0.55122755469413,"CalCurCEAS_020","MBY",128.425641515493,642.665192945774,3966
7254552246,35.6567,-124.13405,2024-11-03 20:07:18,"SO-588","321245",NA,TRUE,0.566971566309596,"CalCurCEAS_020","MBY",117.839778802435,817.231533053843,3967
7254628912,35.65326,-124.12607,2024-11-03 20:48:40,"SO-588","321245",NA,TRUE,0.638770819550546,"CalCurCEAS_020","MBY",121.032500180039,830.704709550158,3967
7254706138,35.6494,-124.11821,2024-11-03 21:30:00,"SO-588","321245",NA,TRUE,0.649825458277139,"CalCurCEAS_020","MBY",129.027593505086,699.489504178819,3945
7254849893,35.64543,-124.11221,2024-11-03 22:05:42,"SO-588","321245",NA,TRUE,0.633524574279603,"CalCurCEAS_020","MBY",128.101548230514,751.569627494853,3945
7254901718,35.64125,-124.10568,2024-11-03 22:43:40,"SO-588","321245",NA,TRUE,0.640054906646187,"CalCurCEAS_020","MBY",124.078023560186,815.778231802539,3930
7255036985,35.63713,-124.09822,2024-11-03 23:23:40,"SO-588","321245",NA,TRUE,0.659420737373719,"CalCurCEAS_020","MBY",121.89175448302,1845.73584876688,3930
7255138466,35.62834,-124.08092,2024-11-04 00:39:39,"SO-588","321245",NA,TRUE,0.785419510113566,"CalCurCEAS_020","MBY",126.225756804584,1115.13564772749,3911
7255187652,35.6224,-124.07099,2024-11-04 01:24:42,"SO-588","321245",NA,TRUE,0.800356328742634,"CalCurCEAS_020","MBY",130.010190475098,861.106539578742,3903
7255228047,35.61741,-124.06371,2024-11-04 01:59:59,"SO-588","321245",NA,TRUE,0.78911038582086,"CalCurCEAS_020","MBY",127.28947190414,957.750591124,3903
7255275017,35.61218,-124.0553,2024-11-04 02:38:42,"SO-588","321245",NA,TRUE,0.799843369255515,"CalCurCEAS_020","MBY",124.180584312761,912.357592148529,3889
7255341226,35.60756,-124.04697,2024-11-04 03:19:26,"SO-588","321245",NA,TRUE,0.724211836648178,"CalCurCEAS_020","MBY",128.104582256005,1057.1356168488,3932
7255403817,35.60168,-124.03779,2024-11-04 03:54:44,"SO-588","321245",NA,TRUE,0.96829230249607,"CalCurCEAS_020","MBY",128.386340471162,766.492840644143,3948
7255481097,35.59739,-124.03116,2024-11-04 04:26:00,"SO-588","321245",NA,TRUE,0.792641850133069,"CalCurCEAS_020","MBY",125.115361213727,848.64185215526,3948
7255612980,35.59299,-124.0235,2024-11-04 05:03:38,"SO-588","321245",NA,TRUE,0.729125417706468,"CalCurCEAS_020","MBY",180,0,3968
7255918458,35.59299,-124.0235,2024-11-04 06:00:00,"SO-588","321245",NA,TRUE,0,"CalCurCEAS_020","MBY",123.040847680365,2099.71999558854,3968
7256201857,35.58267,-124.00408,2024-11-04 06:46:40,"SO-588","321245",NA,TRUE,1.45480599694349,"CalCurCEAS_020","MBY",120.88978457333,704.497240080185,3984
7256440168,35.57941,-123.99741,2024-11-04 07:20:39,"SO-588","321245",NA,TRUE,0.670291635976242,"CalCurCEAS_020","MBY",119.320613525085,568.666369732472,3984
7256638057,35.5769,-123.99194,2024-11-04 07:47:59,"SO-588","321245",NA,TRUE,0.672690705659143,"CalCurCEAS_020","MBY",118.456111356187,991.865042578441,3984
7256953125,35.57264,-123.98232,2024-11-04 08:30:42,"SO-588","321245",NA,TRUE,0.750767921421059,"CalCurCEAS_020","MBY",121.463182103962,882.105003980607,3970
7257239979,35.56849,-123.97402,2024-11-04 09:09:38,"SO-588","321245",NA,TRUE,0.732570080360607,"CalCurCEAS_020","MBY",122.060792415468,815.122131217677,3917
7257509010,35.56459,-123.9664,2024-11-04 09:46:00,"SO-588","321245",NA,TRUE,0.724719035088127,"CalCurCEAS_020","MBY",121.906512401593,730.486707230672,3917
7257748290,35.56111,-123.95956,2024-11-04 10:17:39,"SO-588","321245",NA,TRUE,0.746258142194578,"CalCurCEAS_020","MBY",122.405428877685,917.097321083871,3917
7258026300,35.55668,-123.95102,2024-11-04 10:54:41,"SO-588","321245",NA,TRUE,0.800706031909411,"CalCurCEAS_020","MBY",125.277365099687,987.386681743781,3835
7258308102,35.55154,-123.94213,2024-11-04 11:32:39,"SO-588","321245",NA,TRUE,0.840882424312087,"CalCurCEAS_020","MBY",123.321580280024,1191.53215952532,3835
7258627764,35.54564,-123.93115,2024-11-04 12:15:59,"SO-588","321245",NA,TRUE,0.889066303645816,"CalCurCEAS_020","MBY",123.760632893311,964.246149699923,3689
7258878289,35.54081,-123.92231,2024-11-04 12:50:38,"SO-588","321245",NA,TRUE,0.899777551908538,"CalCurCEAS_020","MBY",127.155331496217,923.958419044943,3690
7259114321,35.53578,-123.91419,2024-11-04 13:22:41,"SO-588","321245",NA,TRUE,0.932126538194066,"CalCurCEAS_020","MBY",131.824281348671,1137.98022609326,3690
7259403579,35.52894,-123.90484,2024-11-04 14:02:42,"SO-588","321245",NA,TRUE,0.9194842309958,"CalCurCEAS_020","MBY",135.96675460622,921.291229459289,3643
7259627961,35.52297,-123.89778,2024-11-04 14:35:41,"SO-588","321245",NA,TRUE,0.903135414426993,"CalCurCEAS_020","MBY",137.020698268198,1096.41618431997,3822
7259889327,35.51574,-123.88954,2024-11-04 15:15:01,"SO-588","321245",NA,TRUE,0.901291270161333,"CalCurCEAS_020","MBY",140.316630316085,978.876472069973,3793
7260140235,35.50895,-123.88265,2024-11-04 15:54:41,"SO-588","321245",NA,TRUE,0.797907712527625,"CalCurCEAS_020","MBY",145.692975891399,608.448702632023,3793
7260299537,35.50442,-123.87887,2024-11-04 16:21:38,"SO-588","321245",NA,TRUE,0.729987930183132,"CalCurCEAS_020","MBY",148.062716493673,720.369218304463,3959
7260482550,35.49891,-123.87467,2024-11-04 16:55:44,"SO-588","321245",NA,TRUE,0.68304803690648,"CalCurCEAS_020","MBY",146.805275343425,530.33734683313,3926
7260617074,35.49491,-123.87147,2024-11-04 17:22:40,"SO-588","321245",NA,TRUE,0.636667359440762,"CalCurCEAS_020","MBY",141.242945244821,771.131304596306,3926
7260798204,35.48949,-123.86615,2024-11-04 18:02:59,"SO-588","321245",NA,TRUE,0.618435192607207,"CalCurCEAS_020","MBY",146.985805692985,521.309570990955,4058
7260901760,35.48555,-123.86302,2024-11-04 18:28:39,"SO-588","321245",NA,TRUE,0.656714654365228,"CalCurCEAS_020","MBY",151.618797464192,479.203063937005,4058
7261015660,35.48175,-123.86051,2024-11-04 18:59:23,"SO-588","321245",NA,TRUE,0.504150728870818,"CalCurCEAS_020","MBY",152.454585377134,631.921304764177,4058
7261130269,35.4767,-123.85729,2024-11-04 19:31:40,"SO-588","321245",NA,TRUE,0.632900016129325,"CalCurCEAS_020","MBY",139.740395174467,867.944776747435,4042
7261314004,35.47073,-123.85111,2024-11-04 20:29:39,"SO-588","321245",NA,TRUE,0.48399335064387,"CalCurCEAS_020","MBY",128.131046367724,628.878187001282,4077
7261438490,35.46723,-123.84566,2024-11-04 21:12:44,"SO-588","321245",NA,TRUE,0.471962739954541,"CalCurCEAS_020","MBY",126.897531974296,526.653253426293,4077
7261520299,35.46438,-123.84102,2024-11-04 21:46:40,"SO-588","321245",NA,TRUE,0.501820879983796,"CalCurCEAS_020","MBY",130.273547375886,508.016374417067,4054
7261677339,35.46142,-123.83675,2024-11-04 22:16:59,"SO-588","321245",NA,TRUE,0.54180965715729,"CalCurCEAS_020","MBY",126.954168120177,570.25047115912,4054
7261738771,35.45833,-123.83173,2024-11-04 22:47:40,"SO-588","321245",NA,TRUE,0.600915759939539,"CalCurCEAS_020","MBY",129.971637179459,841.05106918018,4061
7261896216,35.45346,-123.82463,2024-11-04 23:25:37,"SO-588","321245",NA,TRUE,0.716574033469279,"CalCurCEAS_020","MBY",128.926339390333,743.37201600133,4050
7261954272,35.44925,-123.81826,2024-11-04 23:58:58,"SO-588","321245",NA,TRUE,0.720710500271154,"CalCurCEAS_020","MBY",128.194047089536,1063.97990178646,4050
7262041034,35.44332,-123.80905,2024-11-05 00:43:40,"SO-588","321245",NA,TRUE,0.769620063186329,"CalCurCEAS_020","MBY",131.799921599869,1035.31116939809,4050
7262106194,35.4371,-123.80055,2024-11-05 01:24:59,"SO-588","321245",NA,TRUE,0.810207208000118,"CalCurCEAS_020","MBY",130.708817168694,850.516406509262,4048
7262150557,35.4321,-123.79345,2024-11-05 01:56:39,"SO-588","321245",NA,TRUE,0.868422015067352,"CalCurCEAS_020","MBY",129.254347489257,711.851187758422,4048
7262190614,35.42804,-123.78738,2024-11-05 02:23:38,"SO-588","321245",NA,TRUE,0.852990305281864,"CalCurCEAS_020","MBY",127.091022784369,1192.03341838825,4033
7262263745,35.42156,-123.77691,2024-11-05 03:06:59,"SO-588","321245",NA,TRUE,0.889098358967015,"CalCurCEAS_020","MBY",131.703183956365,710.422348808943,4035
7262310228,35.4173,-123.77107,2024-11-05 03:32:38,"SO-588","321245",NA,TRUE,0.895529146646751,"CalCurCEAS_020","MBY",132.693033356052,1050.41336227943,4042
7262393399,35.41088,-123.76257,2024-11-05 04:09:40,"SO-588","321245",NA,TRUE,0.917102575527497,"CalCurCEAS_020","MBY",134.620783254092,1209.86206389329,4042
7262505930,35.40322,-123.75309,2024-11-05 04:50:38,"SO-588","321245",NA,TRUE,0.954895200957279,"CalCurCEAS_020","MBY",138.651609544445,731.549949258392,4062
7262625031,35.39827,-123.74777,2024-11-05 05:17:38,"SO-588","321245",NA,TRUE,0.876053642939062,"CalCurCEAS_020","MBY",144.715906213029,860.330448806698,4062
7262774374,35.39194,-123.7423,2024-11-05 05:49:00,"SO-588","321245",NA,TRUE,0.886844352117425,"CalCurCEAS_020","MBY",180,0,4062
7262841733,35.39194,-123.7423,2024-11-05 06:00:00,"SO-588","321245",NA,TRUE,0,"CalCurCEAS_020","MBY",148.969723807777,1048.73998028677,4062
7263050522,35.38384,-123.73635,2024-11-05 06:27:59,"SO-588","321245",NA,TRUE,1.21176626668036,"CalCurCEAS_020","MBY",153.077823193693,782.677990005059,4067
7263253994,35.37755,-123.73245,2024-11-05 06:57:40,"SO-588","321245",NA,TRUE,0.852552105901075,"CalCurCEAS_020","MBY",154.664262605202,715.652917065522,4067
7263441731,35.37172,-123.72908,2024-11-05 07:23:38,"SO-588","321245",NA,TRUE,0.891121090569392,"CalCurCEAS_020","MBY",157.035785106676,1045.9025877127,4073
7263715530,35.36304,-123.72459,2024-11-05 08:00:59,"SO-588","321245",NA,TRUE,0.905422141973509,"CalCurCEAS_020","MBY",159.429518368054,1003.71149723289,4024
7263994296,35.35457,-123.72071,2024-11-05 08:38:39,"SO-588","321245",NA,TRUE,0.861593055146817,"CalCurCEAS_020","MBY",160.074796810781,973.58726288367,4047
7264299780,35.34632,-123.71706,2024-11-05 09:19:00,"SO-588","321245",NA,TRUE,0.78015666666432,"CalCurCEAS_020","MBY",164.803096116785,631.168390165915,4047
7264505823,35.34083,-123.71524,2024-11-05 09:45:37,"SO-588","321245",NA,TRUE,0.766729290495851,"CalCurCEAS_020","MBY",161.918396719739,597.555639172172,4037
7264710252,35.33571,-123.7132,2024-11-05 10:11:40,"SO-588","321245",NA,TRUE,0.741687741518883,"CalCurCEAS_020","MBY",158.659548828331,819.497381241765,4037
7264976099,35.32883,-123.70992,2024-11-05 10:45:37,"SO-588","321245",NA,TRUE,0.780473696420728,"CalCurCEAS_020","MBY",158.045843027655,950.979878199266,4037
7265287658,35.32088,-123.70601,2024-11-05 11:25:45,"SO-588","321245",NA,TRUE,0.766154885260206,"CalCurCEAS_020","MBY",163.48322304326,623.736971592249,3999
7265492722,35.31549,-123.70406,2024-11-05 11:52:38,"SO-588","321245",NA,TRUE,0.75018581828206,"CalCurCEAS_020","MBY",162.501184998985,816.630754863961,3999
7265780915,35.30847,-123.70136,2024-11-05 12:29:59,"SO-588","321245",NA,TRUE,0.706944964050015,"CalCurCEAS_020","MBY",165.202407413334,758.508733670445,3999
7266077840,35.30186,-123.69923,2024-11-05 13:07:41,"SO-588","321245",NA,TRUE,0.650533573528145,"CalCurCEAS_020","MBY",170.099079648865,523.698444420194,4058
7266299857,35.29721,-123.69824,2024-11-05 13:36:37,"SO-588","321245",NA,TRUE,0.585239045031784,"CalCurCEAS_020","MBY",172.07532942365,659.772019623263,4058
7266569507,35.29132,-123.69724,2024-11-05 14:12:37,"SO-588","321245",NA,TRUE,0.592573017624598,"CalCurCEAS_020","MBY",163.370967519242,511.783564160649,4097
7266785781,35.2869,-123.69563,2024-11-05 14:42:41,"SO-588","321245",NA,TRUE,0.550365917112893,"CalCurCEAS_020","MBY",162.154938626749,504.674538403167,4097
7267001548,35.28257,-123.69393,2024-11-05 15:12:59,"SO-588","321245",NA,TRUE,0.538541586634843,"CalCurCEAS_020","MBY",167.696721184207,640.441527342265,4097
7267238107,35.27693,-123.69243,2024-11-05 15:48:38,"SO-588","321245",NA,TRUE,0.580858608248711,"CalCurCEAS_020","MBY",173.673262575805,478.873043779806,4097
7267405432,35.27264,-123.69185,2024-11-05 16:14:39,"SO-588","321245",NA,TRUE,0.595140105658439,"CalCurCEAS_020","MBY",174.618991683403,562.754770039175,4115
7267589175,35.26759,-123.69127,2024-11-05 16:46:39,"SO-588","321245",NA,TRUE,0.568616798893749,"CalCurCEAS_020","MBY",168.990582316935,662.328957831259,4095
7267790963,35.26173,-123.68988,2024-11-05 17:25:00,"SO-588","321245",NA,TRUE,0.558417287350127,"CalCurCEAS_020","MBY",159.68883092156,715.718203894858,4095
7267990039,35.25568,-123.68715,2024-11-05 18:06:37,"SO-588","321245",NA,TRUE,0.556064603746906,"CalCurCEAS_020","MBY",155.021583656795,495.689065744496,4102
7268106654,35.25163,-123.68485,2024-11-05 18:33:40,"SO-588","321245",NA,TRUE,0.592505722454913,"CalCurCEAS_020","MBY",152.855001169375,568.526658084539,4102
7268231715,35.24707,-123.682,2024-11-05 19:04:38,"SO-588","321245",NA,TRUE,0.593617716191607,"CalCurCEAS_020","MBY",149.455225634843,775.494170992845,4102
7268385563,35.24105,-123.67767,2024-11-05 19:47:00,"SO-588","321245",NA,TRUE,0.591840555360393,"CalCurCEAS_020","MBY",147.357818299391,492.758773844262,4100
7268477025,35.23731,-123.67475,2024-11-05 20:13:33,"SO-588","321245",NA,TRUE,0.600095430795899,"CalCurCEAS_020","MBY",148.331764395984,729.974739738474,4093
7268592817,35.23171,-123.67054,2024-11-05 20:51:38,"SO-588","321245",NA,TRUE,0.619759735270302,"CalCurCEAS_020","MBY",153.156859306764,921.372576393058,4093
7268722847,35.2243,-123.66597,2024-11-05 21:35:42,"SO-588","321245",NA,TRUE,0.676044931241502,"CalCurCEAS_020","MBY",158.845419246183,585.287604404486,4088
7268895805,35.21938,-123.66365,2024-11-05 22:02:59,"SO-588","321245",NA,TRUE,0.693621229410325,"CalCurCEAS_020","MBY",163.672343526591,832.367214583562,4088
7268962725,35.21218,-123.66108,2024-11-05 22:40:40,"SO-588","321245",NA,TRUE,0.714193894866037,"CalCurCEAS_020","MBY",162.579647027939,958.122426303444,4088
7269132944,35.20394,-123.65793,2024-11-05 23:21:38,"SO-588","321245",NA,TRUE,0.756207285202881,"CalCurCEAS_020","MBY",163.398279629991,1616.13945076711,4080
7269263876,35.18998,-123.65286,2024-11-06 00:27:38,"SO-588","321245",NA,TRUE,0.791745084466715,"CalCurCEAS_020","MBY",163.351516706371,887.010424257466,4082
7269326102,35.18232,-123.65007,2024-11-06 01:04:59,"SO-588","321245",NA,TRUE,0.767871585479466,"CalCurCEAS_020","MBY",161.892382464265,671.164635882727,4082
7269374769,35.17657,-123.64778,2024-11-06 01:33:38,"SO-588","321245",NA,TRUE,0.757451654224835,"CalCurCEAS_020","MBY",162.347058033598,1381.96771813812,4082
7269460219,35.1647,-123.64318,2024-11-06 02:27:38,"SO-588","321245",NA,TRUE,0.827474497897514,"CalCurCEAS_020","MBY",168.648357533365,1069.3323522021,4087
7269530999,35.15525,-123.64087,2024-11-06 03:06:00,"SO-588","321245",NA,TRUE,0.901174962324967,"CalCurCEAS_020","MBY",165.289250003163,1255.99510453817,4089
7269618428,35.1443,-123.63737,2024-11-06 03:50:42,"SO-588","321245",NA,TRUE,0.908512491724105,"CalCurCEAS_020","MBY",167.879806335149,894.161545094483,4089
7269700847,35.13642,-123.63531,2024-11-06 04:22:39,"SO-588","321245",NA,TRUE,0.904889617883827,"CalCurCEAS_020","MBY",173.531066631391,922.260526068112,4093
7269802440,35.12816,-123.63417,2024-11-06 04:56:40,"SO-588","321245",NA,TRUE,0.876621960103938,"CalCurCEAS_020","MBY",173.583765659552,1011.477020939,4093
7269981697,35.1191,-123.63293,2024-11-06 05:34:59,"SO-588","321245",NA,TRUE,0.853529978521821,"CalCurCEAS_020","MBY",183.830621701402,1050.75545047417,4098
7270255799,35.10965,-123.6337,2024-11-06 06:00:00,"SO-588","321245",NA,TRUE,1.35807166816781,"CalCurCEAS_020","MBY",180,0,4098
7270255800,35.10965,-123.6337,2024-11-06 06:16:59,"SO-588","321245",NA,TRUE,0,"CalCurCEAS_020","MBY",187.456670946418,906.297866846737,4098
7270508778,35.10155,-123.63499,2024-11-06 06:54:40,"SO-588","321245",NA,TRUE,0.777628421796846,"CalCurCEAS_020","MBY",182.313721698859,858.284121896518,4105
7270769680,35.09382,-123.63537,2024-11-06 07:30:40,"SO-588","321245",NA,TRUE,0.770866294666317,"CalCurCEAS_020","MBY",181.952156416543,696.011739733754,4105
7270991041,35.08755,-123.63563,2024-11-06 08:00:37,"SO-588","321245",NA,TRUE,0.751398316685299,"CalCurCEAS_020","MBY",184.977337087979,861.941907200353,4111
7271278863,35.07981,-123.63645,2024-11-06 08:38:39,"SO-588","321245",NA,TRUE,0.732763935130887,"CalCurCEAS_020","MBY",187.295063465996,782.930786130921,4111
7271548099,35.07281,-123.63754,2024-11-06 09:14:00,"SO-588","321245",NA,TRUE,0.71611773931824,"CalCurCEAS_020","MBY",192.004557539683,986.771235108558,4114
7271884952,35.06411,-123.63979,2024-11-06 09:57:41,"SO-588","321245",NA,TRUE,0.73038389779115,"CalCurCEAS_020","MBY",194.327640810304,571.36961762662,4114
7272103098,35.05912,-123.64134,2024-11-06 10:25:39,"SO-588","321245",NA,TRUE,0.660582275444364,"CalCurCEAS_020","MBY",195.763520669082,540.648138658503,4114
7272305391,35.05443,-123.64295,2024-11-06 10:51:38,"SO-588","321245",NA,TRUE,0.67277574663085,"CalCurCEAS_020","MBY",193.597231590337,756.750404915742,4117
7272584811,35.0478,-123.6449,2024-11-06 11:27:39,"SO-588","321245",NA,TRUE,0.679359456518528,"CalCurCEAS_020","MBY",184.616467206453,612.163553412703,4117
7272830896,35.0423,-123.64544,2024-11-06 11:59:39,"SO-588","321245",NA,TRUE,0.618540257094085,"CalCurCEAS_020","MBY",184.14466994641,504.994155922843,4117
7273042564,35.03776,-123.64584,2024-11-06 12:26:59,"SO-588","321245",NA,TRUE,0.597371135664826,"CalCurCEAS_020","MBY",189.618722644716,633.504553306862,4122
7273339352,35.03213,-123.647,2024-11-06 13:04:37,"SO-588","321245",NA,TRUE,0.544286462982866,"CalCurCEAS_020","MBY",189.066856064613,561.723821071639,4122
7273579031,35.02713,-123.64797,2024-11-06 13:35:41,"SO-588","321245",NA,TRUE,0.584626723647521,"CalCurCEAS_020","MBY",188.940279337309,563.772882375607,4122
7273805197,35.02211,-123.64893,2024-11-06 14:05:39,"SO-588","321245",NA,TRUE,0.608297770750099,"CalCurCEAS_020","MBY",185.839914335811,618.934162352899,4130
7274030574,35.01656,-123.64962,2024-11-06 14:35:59,"SO-588","321245",NA,TRUE,0.659743008222321,"CalCurCEAS_020","MBY",186.608764665999,626.541008217424,4130
7274269158,35.01095,-123.65041,2024-11-06 15:09:38,"SO-588","321245",NA,TRUE,0.602025535384746,"CalCurCEAS_020","MBY",187.287778222491,762.777223620339,4130
7274546417,35.00413,-123.65147,2024-11-06 15:50:39,"SO-588","321245",NA,TRUE,0.601295332719812,"CalCurCEAS_020","MBY",193.913837679148,649.189496926693,4141
7274787714,34.99845,-123.65318,2024-11-06 16:28:40,"SO-588","321245",NA,TRUE,0.552138370906525,"CalCurCEAS_020","MBY",187.06487940365,556.710249582733,4141
7274998673,34.99347,-123.65393,2024-11-06 17:05:39,"SO-588","321245",NA,TRUE,0.486713782870889,"CalCurCEAS_020","MBY",184.551005387556,644.376442591652,4141
7275221078,34.98768,-123.65449,2024-11-06 17:48:59,"SO-588","321245",NA,TRUE,0.480803961010694,"CalCurCEAS_020","MBY",180.610134813516,600.221049252925,4150
7275395741,34.98227,-123.65456,2024-11-06 18:26:40,"SO-588","321245",NA,TRUE,0.515006119217459,"CalCurCEAS_020","MBY",180.212906763321,491.468520307692,4150
7275505437,34.97784,-123.65458,2024-11-06 18:52:38,"SO-588","321245",NA,TRUE,0.611969787802903,"CalCurCEAS_020","MBY",181.401399731383,634.767316422057,4150
7275643623,34.97212,-123.65475,2024-11-06 19:26:40,"SO-588","321245",NA,TRUE,0.603060036169829,"CalCurCEAS_020","MBY",181.611306555342,1461.65692434217,4153
7275903986,34.95895,-123.6552,2024-11-06 20:40:43,"SO-588","321245",NA,TRUE,0.638220669192846,"CalCurCEAS_020","MBY",176.634315350385,731.244812676994,4153
7276014668,34.95237,-123.65473,2024-11-06 21:14:40,"SO-588","321245",NA,TRUE,0.696423631120946,"CalCurCEAS_020","MBY",174.328411132827,952.084651377879,4154
7276119596,34.94383,-123.6537,2024-11-06 21:54:00,"SO-588","321245",NA,TRUE,0.782645857488596,"CalCurCEAS_020","MBY",174.414722053882,891.749004311805,4154
7276299510,34.93583,-123.65275,2024-11-06 22:32:39,"SO-588","321245",NA,TRUE,0.746008222667056,"CalCurCEAS_020","MBY",182.860861826965,951.936276199572,4162
7276468362,34.92726,-123.65327,2024-11-06 23:11:38,"SO-588","321245",NA,TRUE,0.789549540755524,"CalCurCEAS_020","MBY",186.038502231807,894.695942017322,4162
7276533617,34.91924,-123.6543,2024-11-06 23:45:38,"SO-588","321245",NA,TRUE,0.850838297800786,"CalCurCEAS_020","MBY",189.920296868085,896.47712904171,4170
7276612554,34.91128,-123.65599,2024-11-07 00:21:00,"SO-588","321245",NA,TRUE,0.819587950207784,"CalCurCEAS_020","MBY",193.042462766872,611.516091994519,4170
7276663782,34.90591,-123.6575,2024-11-07 00:52:26,"SO-588","321245",NA,TRUE,0.629025036304012,"CalCurCEAS_020","MBY",192.076715448856,672.755179078736,4172
7276707235,34.89998,-123.65904,2024-11-07 01:17:39,"SO-588","321245",NA,TRUE,0.862620652619132,"CalCurCEAS_020","MBY",196.167090128942,748.479858685649,4169
7276759472,34.8935,-123.66132,2024-11-07 01:51:39,"SO-588","321245",NA,TRUE,0.711789669534391,"CalCurCEAS_020","MBY",192.808863852048,680.341668546416,4169
7276806812,34.88752,-123.66297,2024-11-07 02:22:39,"SO-588","321245",NA,TRUE,0.709603675795725,"CalCurCEAS_020","MBY",191.658774128111,719.298282374671,4171
7276855440,34.88117,-123.66456,2024-11-07 02:53:49,"SO-588","321245",NA,TRUE,0.746223886527733,"CalCurCEAS_020","MBY",198.02474895252,1037.13559306266,4171
7276939310,34.87228,-123.66807,2024-11-07 03:34:59,"SO-588","321245",NA,TRUE,0.814592328154477,"CalCurCEAS_020","MBY",203.782244613838,979.550714491137,4180
7277033554,34.8642,-123.67239,2024-11-07 04:14:40,"SO-588","321245",NA,TRUE,0.798121959728184,"CalCurCEAS_020","MBY",201.709041010278,912.263250279794,4180
7277164812,34.85656,-123.67608,2024-11-07 04:58:42,"SO-588","321245",NA,TRUE,0.669867791651325,"CalCurCEAS_020","MBY",199.323416198646,834.675614796989,4184
7277356485,34.84946,-123.6791,2024-11-07 05:39:00,"SO-588","321245",NA,TRUE,0.669673570184515,"CalCurCEAS_020","MBY",205.57488765969,542.373379235697,4184
7277546908,34.84505,-123.68166,2024-11-07 06:00:00,"SO-588","321245",NA,TRUE,0.83508282199782,"CalCurCEAS_020","MBY",180,0,4184
7277546911,34.84505,-123.68166,2024-11-07 06:06:59,"SO-588","321245",NA,TRUE,0,"CalCurCEAS_020","MBY",203.566051144358,750.391548922052,4184
7277834822,34.83885,-123.68494,2024-11-07 06:50:41,"SO-588","321245",NA,TRUE,0.555209612856133,"CalCurCEAS_020","MBY",209.974036631126,494.331712296203,4203
7278055905,34.83499,-123.68764,2024-11-07 07:21:17,"SO-588","321245",NA,TRUE,0.522333072905574,"CalCurCEAS_020","MBY",209.180726655852,480.297220059359,4203
7278325488,34.83121,-123.6902,2024-11-07 07:57:41,"SO-588","321245",NA,TRUE,0.426637640528918,"CalCurCEAS_020","MBY",197.731549177718,513.633520149575,4203
7278594909,34.8268,-123.69191,2024-11-07 08:33:41,"SO-588","321245",NA,TRUE,0.461318994949156,"CalCurCEAS_020","MBY",203.180103163997,564.777478319674,4192
7278837809,34.82212,-123.69434,2024-11-07 09:05:41,"SO-588","321245",NA,TRUE,0.57066057705217,"CalCurCEAS_020","MBY",194.858973879953,1116.75929079308,4194
7279405515,34.81239,-123.69747,2024-11-07 10:18:46,"SO-588","321245",NA,TRUE,0.49407366571005,"CalCurCEAS_020","MBY",202.894472877839,602.115381520397,4194
7279646369,34.80739,-123.70003,2024-11-07 10:49:41,"SO-588","321245",NA,TRUE,0.62970557420462,"CalCurCEAS_020","MBY",203.634689881536,773.787299210796,4206
7279966606,34.801,-123.70342,2024-11-07 11:30:40,"SO-588","321245",NA,TRUE,0.610470663061791,"CalCurCEAS_020","MBY",202.786006891309,456.039497553495,4206
7280183490,34.79721,-123.70535,2024-11-07 11:58:38,"SO-588","321245",NA,TRUE,0.527244711116674,"CalCurCEAS_020","MBY",198.575200892039,764.225392680615,4206
7280492485,34.79068,-123.70801,2024-11-07 12:37:59,"SO-588","321245",NA,TRUE,0.627953096908256,"CalCurCEAS_020","MBY",201.002307505708,822.306223631308,4230
7280807311,34.78376,-123.71123,2024-11-07 13:17:37,"SO-588","321245",NA,TRUE,0.670846961246736,"CalCurCEAS_020","MBY",204.187112145211,891.41276013002,4229
7281112736,34.77643,-123.71522,2024-11-07 13:57:43,"SO-588","321245",NA,TRUE,0.718761743413233,"CalCurCEAS_020","MBY",205.945577668781,619.317983944238,4229
7281329409,34.77141,-123.71818,2024-11-07 14:26:37,"SO-588","321245",NA,TRUE,0.692893246165987,"CalCurCEAS_020","MBY",201.855954936676,600.026005584547,4264
7281541988,34.76639,-123.72062,2024-11-07 14:55:59,"SO-588","321245",NA,TRUE,0.660641572550523,"CalCurCEAS_020","MBY",200.533139664715,756.969441545285,4264
7281812417,34.76,-123.72352,2024-11-07 15:34:38,"SO-588","321245",NA,TRUE,0.633256022681265,"CalCurCEAS_020","MBY",200.932488197494,666.324709685566,4264
7282052521,34.75439,-123.72612,2024-11-07 16:11:37,"SO-588","321245",NA,TRUE,0.582546163492563,"CalCurCEAS_020","MBY",199.809169535077,537.683118516726,4281
7282218294,34.74983,-123.72811,2024-11-07 16:39:37,"SO-588","321245",NA,TRUE,0.620895982096696,"CalCurCEAS_020","MBY",200.969207372201,765.093315826296,4281
7282421670,34.74339,-123.7311,2024-11-07 17:16:59,"SO-588","321245",NA,TRUE,0.662034358921951,"CalCurCEAS_020","MBY",201.697680342325,497.876403860241,4281
7282549704,34.73922,-123.73311,2024-11-07 17:42:41,"SO-588","321245",NA,TRUE,0.626381467891614,"CalCurCEAS_020","MBY",199.071725737384,787.60678354462,4286
7282728700,34.73251,-123.73592,2024-11-07 18:20:37,"SO-588","321245",NA,TRUE,0.671334428856135,"CalCurCEAS_020","MBY",205.708445724974,948.038453026959,4286
7282902789,34.72481,-123.74041,2024-11-07 19:01:59,"SO-588","321245",NA,TRUE,0.741013134114545,"CalCurCEAS_020","MBY",208.05669429457,613.451995085726,4275
7283018971,34.71993,-123.74356,2024-11-07 19:31:37,"SO-588","321245",NA,TRUE,0.669345821409623,"CalCurCEAS_020","MBY",210.175754115057,524.845111318977,4271
7283113458,34.71584,-123.74644,2024-11-07 19:57:38,"SO-588","321245",NA,TRUE,0.652273873131849,"CalCurCEAS_020","MBY",218.057718441537,515.650201950558,4271
7283207111,34.71218,-123.74991,2024-11-07 20:23:37,"SO-588","321245",NA,TRUE,0.641668628469585,"CalCurCEAS_020","MBY",219.353016617545,816.30004038932,4271
7283341583,34.70649,-123.75556,2024-11-07 21:03:39,"SO-588","321245",NA,TRUE,0.659293121713273,"CalCurCEAS_020","MBY",217.618899374469,753.476179656826,4259
7283455684,34.70111,-123.76058,2024-11-07 21:43:58,"SO-588","321245",NA,TRUE,0.604276059749583,"CalCurCEAS_020","MBY",211.507122565337,827.536152078082,4275
7283646863,34.69475,-123.7653,2024-11-07 22:24:39,"SO-588","321245",NA,TRUE,0.657689526846161,"CalCurCEAS_020","MBY",218.421952365101,535.229129190901,4275
7283703856,34.69097,-123.76893,2024-11-07 22:50:36,"SO-588","321245",NA,TRUE,0.666887932325208,"CalCurCEAS_020","MBY",220.114602717811,581.676501003044,4271
7283851008,34.68696,-123.77302,2024-11-07 23:19:37,"SO-588","321245",NA,TRUE,0.648163361255546,"CalCurCEAS_020","MBY",221.358803320009,697.588998316046,4271
7283915686,34.68224,-123.77805,2024-11-07 23:55:40,"SO-588","321245",NA,TRUE,0.625669281892339,"CalCurCEAS_020","MBY",213.288207697648,859.944195946304,4276
7284003213,34.67576,-123.7832,2024-11-08 00:38:59,"SO-588","321245",NA,TRUE,0.641897552957226,"CalCurCEAS_020","MBY",208.592644532249,545.796784487348,4276
7284043644,34.67144,-123.78605,2024-11-08 01:04:39,"SO-588","321245",NA,TRUE,0.68756218305549,"CalCurCEAS_020","MBY",207.831930826306,830.443227918215,4295
7284104137,34.66482,-123.79028,2024-11-08 01:41:41,"SO-588","321245",NA,TRUE,0.725049442916893,"CalCurCEAS_020","MBY",207.871408478013,658.824796671931,4295
7284148778,34.65957,-123.79364,2024-11-08 02:10:41,"SO-588","321245",NA,TRUE,0.734551784795141,"CalCurCEAS_020","MBY",208.825619658449,617.920420960167,4290
7284190958,34.65469,-123.79689,2024-11-08 02:37:35,"SO-588","321245",NA,TRUE,0.742729626185083,"CalCurCEAS_020","MBY",209.972982368429,601.880848356963,4299
7284240856,34.64999,-123.80017,2024-11-08 03:03:38,"SO-588","321245",NA,TRUE,0.747056203334937,"CalCurCEAS_020","MBY",209.933972902275,780.855232556029,4299
7284299815,34.64389,-123.80442,2024-11-08 03:36:00,"SO-588","321245",NA,TRUE,0.780051056209421,"CalCurCEAS_020","MBY",208.15975703973,903.430766141293,4299
7284385947,34.63671,-123.80907,2024-11-08 04:12:38,"SO-588","321245",NA,TRUE,0.797386572481396,"CalCurCEAS_020","MBY",206.193189730105,1007.5664431385,4283
7284487832,34.62856,-123.81392,2024-11-08 04:48:41,"SO-588","321245",NA,TRUE,0.903688811691488,"CalCurCEAS_020","MBY",210.024787311005,975.033441490303,4283
7284649081,34.62095,-123.81924,2024-11-08 05:25:40,"SO-588","321245",NA,TRUE,0.852440232758534,"CalCurCEAS_020","MBY",216.333324100328,648.584662632958,4277
7284784412,34.61624,-123.82343,2024-11-08 05:52:59,"SO-588","321245",NA,TRUE,0.7676963059841,"CalCurCEAS_020","MBY",180,0,4277
7284868574,34.61624,-123.82343,2024-11-08 06:00:00,"SO-588","321245",NA,TRUE,0,"CalCurCEAS_020","MBY",222.217377557508,846.281624056427,4277
7285082826,34.61059,-123.82963,2024-11-08 06:34:41,"SO-588","321245",NA,TRUE,0.788941062311133,"CalCurCEAS_020","MBY",217.7175325561,607.221466749799,4299
7285334850,34.60626,-123.83368,2024-11-08 07:10:37,"SO-588","321245",NA,TRUE,0.546386663030895,"CalCurCEAS_020","MBY",208.516781344321,614.834016451792,4329
7285612131,34.60139,-123.83688,2024-11-08 07:48:40,"SO-588","321245",NA,TRUE,0.522460793655925,"CalCurCEAS_020","MBY",205.210886794106,583.632157333767,4329
7285849520,34.59663,-123.83959,2024-11-08 08:19:59,"SO-588","321245",NA,TRUE,0.602579236416981,"CalCurCEAS_020","MBY",205.066784613101,747.047847612435,4329
7286123035,34.59053,-123.84304,2024-11-08 08:56:41,"SO-588","321245",NA,TRUE,0.658162045580437,"CalCurCEAS_020","MBY",210.589440352029,777.056178933501,4362
7286381944,34.5845,-123.84735,2024-11-08 09:30:38,"SO-588","321245",NA,TRUE,0.740053503746192,"CalCurCEAS_020","MBY",213.157234007117,914.295939092223,4362
7286663377,34.5776,-123.8528,2024-11-08 10:06:40,"SO-588","321245",NA,TRUE,0.820413562367674,"CalCurCEAS_020","MBY",220.700604956845,771.113457640596,4362
7286882793,34.57233,-123.85828,2024-11-08 10:34:39,"SO-588","321245",NA,TRUE,0.890982792032612,"CalCurCEAS_020","MBY",216.408293761338,1130.23715965251,4343
7287221074,34.56413,-123.86559,2024-11-08 11:17:59,"SO-588","321245",NA,TRUE,0.843330803740719,"CalCurCEAS_020","MBY",215.003779609813,635.157594742754,4343
7287426412,34.55944,-123.86956,2024-11-08 11:44:38,"SO-588","321245",NA,TRUE,0.77061021500997,"CalCurCEAS_020","MBY",211.400927210907,797.987422912706,4343
7287692084,34.5533,-123.87409,2024-11-08 12:18:38,"SO-588","321245",NA,TRUE,0.758870392377769,"CalCurCEAS_020","MBY",219.318180769029,705.466468272899,4323
7287923313,34.54838,-123.87896,2024-11-08 12:48:38,"SO-588","321245",NA,TRUE,0.760336082471903,"CalCurCEAS_020","MBY",226.535435358592,1096.52403678432,4323
7288251159,34.54158,-123.88763,2024-11-08 13:31:00,"SO-588","321245",NA,TRUE,0.836843678741769,"CalCurCEAS_020","MBY",227.42683871877,910.008816409859,4319
7288525871,34.53603,-123.89493,2024-11-08 14:07:39,"SO-588","321245",NA,TRUE,0.802827241398421,"CalCurCEAS_020","MBY",226.979253330374,689.379575129404,4330
7288736547,34.53179,-123.90042,2024-11-08 14:36:39,"SO-588","321245",NA,TRUE,0.768618606753474,"CalCurCEAS_020","MBY",228.055787971133,592.478737879478,4330
7288912543,34.52822,-123.90522,2024-11-08 15:02:38,"SO-588","321245",NA,TRUE,0.73727309267876,"CalCurCEAS_020","MBY",227.281080129528,874.795790727335,4330
7289154031,34.52287,-123.91222,2024-11-08 15:39:00,"SO-588","321245",NA,TRUE,0.777774442718162,"CalCurCEAS_020","MBY",224.47544337743,876.791275940737,4343
7289421757,34.51723,-123.91891,2024-11-08 16:21:41,"SO-588","321245",NA,TRUE,0.664183941946517,"CalCurCEAS_020","MBY",226.429499418049,566.518016873231,4343
7289593815,34.51371,-123.92338,2024-11-08 16:51:39,"SO-588","321245",NA,TRUE,0.611259706748648,"CalCurCEAS_020","MBY",216.004309976402,549.870591332953,4343
7289770223,34.5097,-123.9269,2024-11-08 17:24:59,"SO-588","321245",NA,TRUE,0.533374473592964,"CalCurCEAS_020","MBY",216.061425708357,786.290321076366,4351
7289966711,34.50397,-123.93194,2024-11-08 18:05:39,"SO-588","321245",NA,TRUE,0.625165255282029,"CalCurCEAS_020","MBY",220.083696585128,526.300708149282,4370
7290093752,34.50034,-123.93563,2024-11-08 18:34:36,"SO-588","321245",NA,TRUE,0.58780850535959,"CalCurCEAS_020","MBY",218.698916827235,614.031082407069,4370
7290227956,34.49602,-123.93981,2024-11-08 19:06:41,"SO-588","321245",NA,TRUE,0.618815740192059,"CalCurCEAS_020","MBY",220.078736200669,624.843311389185,4370
7290340136,34.49171,-123.94419,2024-11-08 19:36:01,"SO-588","321245",NA,TRUE,0.688747740963079,"CalCurCEAS_020","MBY",220.103035362639,936.865127123535,4380
7290491909,34.48525,-123.95076,2024-11-08 20:18:37,"SO-588","321245",NA,TRUE,0.711079165344154,"CalCurCEAS_020","MBY",215.286526824396,682.205142078494,4400
7290605620,34.48023,-123.95505,2024-11-08 20:53:40,"SO-588","321245",NA,TRUE,0.629328566634465,"CalCurCEAS_020","MBY",208.163328718927,622.845350016267,4400
7290696224,34.47528,-123.95825,2024-11-08 21:21:38,"SO-588","321245",NA,TRUE,0.720095339112966,"CalCurCEAS_020","MBY",208.631525001489,1064.14912404499,4400
7290910424,34.46686,-123.9638,2024-11-08 22:03:00,"SO-588","321245",NA,TRUE,0.831768453121389,"CalCurCEAS_020","MBY",218.264604942186,916.914144967231,4406
7290969005,34.46037,-123.96998,2024-11-08 22:34:37,"SO-588","321245",NA,TRUE,0.937698176719256,"CalCurCEAS_020","MBY",224.02920810686,942.666111700649,4406
7291103471,34.45426,-123.97711,2024-11-08 23:05:38,"SO-588","321245",NA,TRUE,0.982682566737914,"CalCurCEAS_020","MBY",225.184562146877,1208.67827283702,4387
7291194195,34.44658,-123.98644,2024-11-08 23:44:38,"SO-588","321245",NA,TRUE,1.00206660226659,"CalCurCEAS_020","MBY",225.590894393365,997.067954122153,4387
7291262300,34.44029,-123.99419,2024-11-09 00:15:37,"SO-588","321245",NA,TRUE,1.04051201237062,"CalCurCEAS_020","MBY",227.599912534955,848.845250731499,4340
7291308073,34.43513,-124.00101,2024-11-09 00:43:59,"SO-588","321245",NA,TRUE,0.96754394031675,"CalCurCEAS_020","MBY",227.610248036536,878.627816186772,4340
7291352202,34.42979,-124.00807,2024-11-09 01:12:38,"SO-588","321245",NA,TRUE,0.991586947878032,"CalCurCEAS_020","MBY",225.248000285842,841.35576574194,4340
7291393015,34.42445,-124.01457,2024-11-09 01:40:40,"SO-588","321245",NA,TRUE,0.9704103362303,"CalCurCEAS_020","MBY",227.763624282577,1023.12521417258,4256
7291441432,34.41825,-124.02281,2024-11-09 02:14:40,"SO-588","321245",NA,TRUE,0.972972017399419,"CalCurCEAS_020","MBY",227.80151573542,1238.5407457224,4256
7291495156,34.41075,-124.03279,2024-11-09 02:55:41,"SO-588","321245",NA,TRUE,0.976338499269184,"CalCurCEAS_020","MBY",229.271215332353,843.229665601608,4268
7291543356,34.40579,-124.03974,2024-11-09 03:23:39,"SO-588","321245",NA,TRUE,0.974890078228319,"CalCurCEAS_020","MBY",228.04294027904,844.501016855113,4094
7291584111,34.4007,-124.04657,2024-11-09 03:50:41,"SO-588","321245",NA,TRUE,1.01006903372313,"CalCurCEAS_020","MBY",228.238469529906,1229.09330303263,4109
7291655315,34.39332,-124.05654,2024-11-09 04:30:59,"SO-588","321245",NA,TRUE,0.986121177784661,"CalCurCEAS_020","MBY",232.789118661345,1016.14505243332,4109
7291735900,34.38778,-124.06534,2024-11-09 05:04:41,"SO-588","321245",NA,TRUE,0.974936400455312,"CalCurCEAS_020","MBY",231.838143824193,1292.53149288846,3858
7291835636,34.38058,-124.07639,2024-11-09 05:48:42,"SO-588","321245",NA,TRUE,0.949455167059298,"CalCurCEAS_020","MBY",180,0,3893
7291900741,34.38058,-124.07639,2024-11-09 06:00:00,"SO-588","321245",NA,TRUE,0,"CalCurCEAS_020","MBY",235.35311119797,1094.54832870956,3893
7291971536,34.37497,-124.08618,2024-11-09 06:24:40,"SO-588","321245",NA,TRUE,1.43474578222739,"CalCurCEAS_020","MBY",233.47306424877,741.731325117453,3546
7292056118,34.37099,-124.09266,2024-11-09 06:50:36,"SO-588","321245",NA,TRUE,0.924780700981914,"CalCurCEAS_020","MBY",235.052116170596,888.806445871177,3612
7292174294,34.3664,-124.10058,2024-11-09 07:25:00,"SO-588","321245",NA,TRUE,0.835409159394421,"CalCurCEAS_020","MBY",237.294072919908,1024.37121931687,3612
7292319853,34.36141,-124.10995,2024-11-09 08:05:39,"SO-588","321245",NA,TRUE,0.814793015774796,"CalCurCEAS_020","MBY",236.337232377566,1076.58386000982,3710
7292468844,34.35603,-124.11969,2024-11-09 08:46:38,"SO-588","321245",NA,TRUE,0.849358555680782,"CalCurCEAS_020","MBY",242.753323296903,1250.10590372127,3478
7292636400,34.35087,-124.13177,2024-11-09 09:30:41,"SO-588","321245",NA,TRUE,0.917595706855563,"CalCurCEAS_020","MBY",NA,NA,3624
