start,end,sp,id
09/15/2024 05:27:21,09/15/2024 05:30:57,UO,sg639_001
09/15/2024 09:27:38,09/15/2024 10:10:25,UO,sg639_002
09/15/2024 10:59:01,09/15/2024 11:50:50,UO,sg639_005
09/15/2024 12:21:41,09/15/2024 12:24:07,UO,sg639_007
09/15/2024 12:47:51,09/15/2024 12:53:08,UO,sg639_009
09/15/2024 22:59:06,09/15/2024 23:13:55,UO,sg639_010
09/16/2024 06:49:35,09/16/2024 07:09:45,UO,sg639_011
09/16/2024 07:37:02,09/16/2024 08:04:04,UO,sg639_012
09/16/2024 20:57:25,09/16/2024 21:09:52,UO,sg639_013
09/17/2024 12:38:49,09/17/2024 13:22:37,UO,sg639_014
09/18/2024 01:48:10,09/18/2024 02:34:27,UO,sg639_015
09/18/2024 02:55:10,09/18/2024 03:14:58,UO,sg639_018
09/18/2024 03:31:10,09/18/2024 05:34:24,UO,sg639_020
09/18/2024 05:52:49,09/18/2024 13:36:39,UO,sg639_021
09/18/2024 15:03:23,09/18/2024 21:30:16,UO,sg639_029
09/18/2024 23:26:05,09/19/2024 00:15:05,UO,sg639_032
09/19/2024 02:03:17,09/19/2024 02:12:08,Pm,sg639_033
09/19/2024 02:03:17,09/19/2024 02:34:46,UO,sg639_034
09/19/2024 02:44:58,09/19/2024 04:06:22,Pm,sg639_035
09/19/2024 03:24:24,09/19/2024 12:20:46,UO,sg639_036
09/19/2024 04:30:37,09/19/2024 04:37:54,Pm,sg639_041
09/19/2024 04:58:40,09/19/2024 05:17:19,Pm,sg639_043
09/19/2024 05:47:26,09/19/2024 05:47:56,Pm,sg639_047
09/19/2024 07:48:50,09/19/2024 07:50:25,Pm,sg639_050
09/19/2024 08:48:57,09/19/2024 09:19:01,Pm,sg639_052
09/19/2024 13:24:41,09/19/2024 13:24:41,UO,sg639_058
09/19/2024 14:28:09,09/19/2024 14:38:23,UO,sg639_059
09/19/2024 15:01:08,09/19/2024 22:10:12,UO,sg639_060
09/19/2024 22:15:46,09/19/2024 22:26:32,Gg?,sg639_066
09/19/2024 22:28:23,09/19/2024 23:27:01,UO,sg639_067
09/20/2024 04:56:07,09/20/2024 06:20:22,UO,sg639_068
09/20/2024 07:00:32,09/20/2024 08:53:19,UO,sg639_072
09/20/2024 12:21:43,09/20/2024 13:13:19,UO,sg639_074
09/21/2024 00:25:59,09/21/2024 00:50:51,UBW,sg639_076
09/21/2024 01:06:43,09/21/2024 01:07:54,Gg/Lo,sg639_077
09/21/2024 01:49:00,09/21/2024 02:06:13,UO,sg639_078
09/21/2024 02:50:30,09/21/2024 03:48:40,UO,sg639_079
09/21/2024 04:16:50,09/21/2024 04:18:21,UO,sg639_080
09/21/2024 05:01:46,09/21/2024 05:39:34,UO,sg639_081
09/21/2024 05:57:29,09/21/2024 06:49:07,UO,sg639_082
09/21/2024 07:36:36,09/21/2024 09:53:28,UO,sg639_083
09/21/2024 10:44:07,09/21/2024 14:44:24,UO,sg639_084
09/22/2024 01:25:38,09/22/2024 02:02:28,UO,sg639_086
09/22/2024 03:27:44,09/22/2024 04:20:19,UO,sg639_087
09/22/2024 08:44:55,09/22/2024 14:36:35,UO,sg639_088
09/22/2024 23:17:48,09/22/2024 23:23:37,UO,sg639_094
09/23/2024 03:02:34,09/23/2024 05:51:48,UO,sg639_095
09/23/2024 06:16:18,09/23/2024 07:42:31,UO,sg639_097
09/23/2024 12:02:56,09/23/2024 12:38:40,UO,sg639_098
09/23/2024 13:17:56,09/23/2024 14:16:32,UO,sg639_099
09/23/2024 14:32:17,09/23/2024 17:02:14,UO,sg639_100
09/24/2024 03:11:57,09/24/2024 10:15:02,UO,sg639_106
09/24/2024 10:44:07,09/24/2024 13:22:38,UO,sg639_114
09/24/2024 16:43:26,09/24/2024 16:54:36,UO,sg639_116
09/25/2024 02:44:42,09/25/2024 10:06:54,UO,sg639_117
09/25/2024 10:23:30,09/25/2024 12:39:42,UO,sg639_122
09/25/2024 13:00:05,09/25/2024 13:18:13,UO,sg639_123
09/25/2024 21:31:13,09/25/2024 22:16:41,UO,sg639_124
09/25/2024 22:41:07,09/25/2024 23:08:39,UO,sg639_128
09/25/2024 23:32:35,09/26/2024 01:49:48,UO,sg639_129
09/26/2024 03:39:26,09/26/2024 04:48:40,UO,sg639_130
09/26/2024 05:04:34,09/26/2024 11:29:24,UO,sg639_131
09/26/2024 11:44:29,09/26/2024 13:22:31,UO,sg639_134
09/26/2024 13:50:07,09/26/2024 14:00:18,UO,sg639_135
09/26/2024 15:48:39,09/26/2024 16:26:24,UO,sg639_136
09/26/2024 17:02:03,09/26/2024 17:24:25,UO,sg639_137
09/26/2024 17:49:33,09/26/2024 19:19:01,UO,sg639_138
09/26/2024 20:02:32,09/26/2024 20:20:03,UO,sg639_140
09/26/2024 22:32:11,09/26/2024 22:45:20,Ms,sg639_142
09/26/2024 23:42:04,09/27/2024 04:26:33,UO,sg639_143
09/27/2024 04:46:22,09/27/2024 07:07:06,UO,sg639_147
09/27/2024 08:47:44,09/27/2024 11:01:40,UO,sg639_149
09/27/2024 11:23:27,09/27/2024 13:25:41,UO,sg639_151
09/27/2024 13:51:21,09/27/2024 14:16:34,Ms,sg639_154
09/27/2024 15:25:10,09/27/2024 15:50:18,UO,sg639_155
09/28/2024 02:43:51,09/28/2024 03:03:14,UO,sg639_156
09/28/2024 16:00:36,09/28/2024 16:18:50,UO,sg639_157
09/29/2024 03:56:14,09/29/2024 04:30:51,UO,sg639_158
09/29/2024 05:46:51,09/29/2024 07:02:46,UO,sg639_159
09/29/2024 07:30:52,09/29/2024 07:31:27,UO,sg639_160
09/29/2024 11:46:23,09/29/2024 12:03:30,UO,sg639_161
09/29/2024 17:11:28,09/29/2024 17:29:23,UO,sg639_162
09/30/2024 05:11:36,09/30/2024 05:18:58,UO,sg639_163
09/30/2024 11:06:09,09/30/2024 11:21:29,UO,sg639_164
10/01/2024 00:43:04,10/01/2024 02:16:35,Pm,sg639_165
10/01/2024 02:40:23,10/01/2024 03:40:24,Pm,sg639_167
10/01/2024 03:27:41,10/01/2024 03:39:33,UO,sg639_168
10/01/2024 03:58:24,10/01/2024 04:30:56,UO,sg639_170
10/01/2024 05:58:24,10/01/2024 06:23:15,UO,sg639_172
10/01/2024 06:39:08,10/01/2024 06:39:38,UO,sg639_173
10/01/2024 08:29:06,10/01/2024 10:07:29,UO,sg639_174
10/02/2024 02:19:03,10/02/2024 02:33:06,UO,sg639_178
10/02/2024 03:02:20,10/02/2024 03:19:08,UO,sg639_179
10/02/2024 03:49:14,10/02/2024 06:59:16,Pm,sg639_180
10/02/2024 03:50:29,10/02/2024 04:12:28,UO,sg639_181
10/02/2024 06:09:43,10/02/2024 06:19:51,UO,sg639_187
10/02/2024 07:28:13,10/02/2024 09:40:23,Pm,sg639_189
10/02/2024 08:01:07,10/02/2024 08:36:22,UO,sg639_190
10/02/2024 09:16:00,10/02/2024 09:38:28,UO,sg639_192
10/03/2024 04:02:45,10/03/2024 04:15:17,UO,sg639_194
10/03/2024 05:34:38,10/03/2024 06:25:15,UO,sg639_195
10/03/2024 07:25:17,10/03/2024 07:31:54,UO,sg639_196
10/03/2024 10:05:40,10/03/2024 10:27:12,UO,sg639_197
10/03/2024 11:29:40,10/03/2024 11:35:07,UO,sg639_198
10/03/2024 12:48:34,10/03/2024 15:09:51,Pm,sg639_199
10/03/2024 15:37:00,10/03/2024 17:03:08,Pm,sg639_200
10/04/2024 02:04:11,10/04/2024 02:07:32,UO,sg639_202
10/04/2024 08:26:40,10/04/2024 09:46:22,UO,sg639_203
10/04/2024 11:43:39,10/04/2024 13:10:04,UO,sg639_204
10/04/2024 22:17:29,10/04/2024 23:37:31,UO,sg639_205
10/06/2024 03:15:09,10/06/2024 04:26:03,UO,sg639_206
10/06/2024 05:26:21,10/06/2024 05:45:16,UO,sg639_208
10/07/2024 03:02:51,10/07/2024 03:25:44,UO,sg639_209
10/07/2024 04:16:14,10/07/2024 05:08:51,UO,sg639_210
10/07/2024 10:04:26,10/07/2024 12:09:16,Pm,sg639_211
10/07/2024 11:26:30,10/07/2024 11:49:29,UO,sg639_214
10/07/2024 13:20:05,10/07/2024 13:20:46,UO,sg639_218
10/07/2024 23:01:09,10/08/2024 02:32:32,UO,sg639_219
10/08/2024 06:38:33,10/08/2024 06:52:12,UO,sg639_220
10/08/2024 16:14:44,10/08/2024 16:16:20,UO,sg639_221
10/09/2024 03:21:01,10/09/2024 03:42:15,UO,sg639_222
10/09/2024 04:01:06,10/09/2024 05:19:48,UO,sg639_224
10/09/2024 13:10:04,10/09/2024 13:13:10,UO,sg639_225
10/10/2024 02:11:31,10/10/2024 02:21:33,Other,sg639_226
10/11/2024 04:28:59,10/11/2024 04:56:24,UO,sg639_227
10/11/2024 04:33:40,10/11/2024 12:57:39,Pm,sg639_228
10/11/2024 12:58:24,10/11/2024 13:23:30,UO,sg639_232
10/11/2024 13:35:46,10/11/2024 17:12:15,Pm,sg639_233
10/12/2024 09:28:47,10/12/2024 10:05:45,Pm,sg639_235
10/12/2024 10:25:07,10/12/2024 10:41:28,Pm,sg639_236
10/12/2024 11:34:26,10/12/2024 11:59:06,Pm,sg639_237
10/12/2024 12:14:57,10/13/2024 01:17:07,Pm,sg639_238
10/13/2024 01:35:30,10/13/2024 02:29:08,Pm,sg639_240
10/13/2024 03:59:09,10/13/2024 04:23:45,Pm,sg639_243
10/13/2024 04:24:00,10/13/2024 04:46:30,UO,sg639_244
10/13/2024 08:40:42,10/13/2024 09:29:50,UO,sg639_245
10/13/2024 14:12:08,10/13/2024 14:29:41,UO,sg639_247
10/13/2024 19:46:57,10/13/2024 20:29:48,UO,sg639_248
10/13/2024 22:12:19,10/13/2024 22:23:51,UO,sg639_249
10/14/2024 01:24:11,10/14/2024 01:43:54,UO,sg639_250
10/14/2024 03:24:48,10/14/2024 03:52:03,UO,sg639_251
10/14/2024 05:42:58,10/14/2024 06:26:13,UO,sg639_253
10/14/2024 08:08:48,10/14/2024 09:25:00,UO,sg639_256
10/14/2024 10:15:38,10/14/2024 11:58:54,UO,sg639_258
10/14/2024 12:27:45,10/14/2024 13:31:27,UO,sg639_260
10/14/2024 18:08:30,10/14/2024 18:20:01,Pm,sg639_261
10/14/2024 20:25:23,10/14/2024 20:36:45,Pm,sg639_262
10/14/2024 21:13:33,10/14/2024 22:18:40,Pm,sg639_263
10/14/2024 22:27:10,10/14/2024 23:07:05,UO,sg639_265
10/14/2024 23:05:53,10/14/2024 23:20:14,Pm,sg639_266
10/15/2024 00:01:58,10/15/2024 01:39:31,Pm,sg639_267
10/15/2024 03:52:16,10/15/2024 07:16:07,UO,sg639_270
10/15/2024 13:10:24,10/15/2024 13:41:52,Pm,sg639_274
10/15/2024 14:02:41,10/15/2024 14:43:25,Pm,sg639_275
10/15/2024 17:23:27,10/15/2024 17:26:48,Pm,sg639_277
10/15/2024 18:05:14,10/15/2024 18:20:58,Pm,sg639_278
10/15/2024 18:51:25,10/15/2024 18:53:21,Pm,sg639_279
10/15/2024 19:35:50,10/15/2024 19:41:59,Pm,sg639_280
10/15/2024 22:38:12,10/15/2024 22:43:20,Pm,sg639_281
10/16/2024 17:16:42,10/16/2024 18:15:21,UO,sg639_282
10/16/2024 19:15:35,10/16/2024 21:16:36,UO,sg639_283
10/16/2024 22:35:44,10/16/2024 22:46:04,UO,sg639_284
10/17/2024 02:39:03,10/17/2024 02:57:11,UO,sg639_285
10/18/2024 02:54:24,10/18/2024 03:15:42,UO,sg639_286
10/18/2024 04:40:06,10/18/2024 05:17:54,UO,sg639_287
10/18/2024 07:07:25,10/18/2024 07:16:07,UO,sg639_288
10/18/2024 11:08:44,10/18/2024 11:17:32,UO,sg639_289
10/19/2024 02:37:52,10/19/2024 03:07:37,UO,sg639_290
10/19/2024 05:02:30,10/19/2024 05:06:31,Pm,sg639_292
10/19/2024 05:36:57,10/19/2024 07:15:00,Pm,sg639_293
10/19/2024 07:09:08,10/19/2024 07:09:48,UO,sg639_294
10/19/2024 07:59:05,10/19/2024 18:13:51,Pm,sg639_295
10/19/2024 08:45:43,10/19/2024 10:23:31,UO,sg639_296
10/20/2024 03:37:41,10/20/2024 04:07:42,UO,sg639_300
10/20/2024 11:14:44,10/20/2024 11:53:07,UO,sg639_301
10/21/2024 00:10:31,10/21/2024 02:05:19,UO,sg639_303
10/21/2024 02:52:04,10/21/2024 03:10:12,UO,sg639_305
10/21/2024 09:10:35,10/21/2024 09:20:08,UO,sg639_307
10/21/2024 09:42:40,10/21/2024 09:48:02,Gg/Lo,sg639_308
10/21/2024 11:52:19,10/21/2024 12:14:18,UO,sg639_309
10/21/2024 13:23:00,10/21/2024 13:33:29,UO,sg639_310
10/21/2024 17:44:22,10/21/2024 17:46:58,Pm,sg639_311
10/21/2024 23:16:10,10/21/2024 23:23:30,Pm,sg639_312
10/21/2024 23:39:40,10/21/2024 23:48:46,Pm,sg639_313
10/22/2024 00:16:55,10/22/2024 01:03:40,Pm,sg639_314
10/22/2024 00:32:11,10/22/2024 00:43:03,UO,sg639_315
10/22/2024 03:51:29,10/22/2024 05:00:02,UO,sg639_317
10/22/2024 06:19:41,10/22/2024 06:27:58,UO,sg639_318
10/23/2024 06:50:01,10/23/2024 10:44:19,Pm,sg639_319
10/24/2024 05:50:48,10/24/2024 06:25:41,UO,sg639_324
10/25/2024 08:36:27,10/25/2024 09:11:07,UO,sg639_325
10/25/2024 16:14:22,10/25/2024 16:25:33,UO,sg639_326
